-- phpMyAdmin SQL Dump
-- version 5.1.1
-- https://www.phpmyadmin.net/
--
-- Host: 127.0.0.1
-- Generation Time: Mar 02, 2022 at 12:02 PM
-- Server version: 10.4.22-MariaDB
-- PHP Version: 8.1.2

SET SQL_MODE = "NO_AUTO_VALUE_ON_ZERO";
START TRANSACTION;
SET time_zone = "+00:00";


/*!40101 SET @OLD_CHARACTER_SET_CLIENT=@@CHARACTER_SET_CLIENT */;
/*!40101 SET @OLD_CHARACTER_SET_RESULTS=@@CHARACTER_SET_RESULTS */;
/*!40101 SET @OLD_COLLATION_CONNECTION=@@COLLATION_CONNECTION */;
/*!40101 SET NAMES utf8mb4 */;

--
-- Database: `ukk_bintang`
--

-- --------------------------------------------------------

--
-- Table structure for table `auth_activation_attempts`
--

CREATE TABLE `auth_activation_attempts` (
  `id` int(11) UNSIGNED NOT NULL,
  `ip_address` varchar(255) NOT NULL,
  `user_agent` varchar(255) NOT NULL,
  `token` varchar(255) DEFAULT NULL,
  `created_at` datetime NOT NULL
) ENGINE=InnoDB DEFAULT CHARSET=utf8;

-- --------------------------------------------------------

--
-- Table structure for table `auth_groups`
--

CREATE TABLE `auth_groups` (
  `id` int(11) UNSIGNED NOT NULL,
  `name` varchar(255) NOT NULL,
  `description` varchar(255) NOT NULL
) ENGINE=InnoDB DEFAULT CHARSET=utf8;

--
-- Dumping data for table `auth_groups`
--

INSERT INTO `auth_groups` (`id`, `name`, `description`) VALUES
(1, 'admin', 'Site Administrator'),
(2, 'masyarakat', 'Regular User'),
(3, 'petugas', 'Site Petugas'),
(4, 'medis', 'Petugas Divisi Medis'),
(5, 'polisi', 'Petugas Divisi Kepolisian'),
(6, 'sosial', 'Petugas Divisi Sosial'),
(7, 'politik', 'Petugas Politik'),
(17, 'damkar', 'Petugas damkar');

-- --------------------------------------------------------

--
-- Table structure for table `auth_groups_permissions`
--

CREATE TABLE `auth_groups_permissions` (
  `group_id` int(11) UNSIGNED NOT NULL DEFAULT 0,
  `permission_id` int(11) UNSIGNED NOT NULL DEFAULT 0
) ENGINE=InnoDB DEFAULT CHARSET=utf8;

--
-- Dumping data for table `auth_groups_permissions`
--

INSERT INTO `auth_groups_permissions` (`group_id`, `permission_id`) VALUES
(4, 1),
(5, 1),
(6, 1),
(7, 1),
(17, 1);

-- --------------------------------------------------------

--
-- Table structure for table `auth_groups_users`
--

CREATE TABLE `auth_groups_users` (
  `group_id` int(11) UNSIGNED NOT NULL DEFAULT 0,
  `user_id` int(11) UNSIGNED NOT NULL DEFAULT 0
) ENGINE=InnoDB DEFAULT CHARSET=utf8;

--
-- Dumping data for table `auth_groups_users`
--

INSERT INTO `auth_groups_users` (`group_id`, `user_id`) VALUES
(1, 126),
(2, 154),
(2, 155),
(2, 166),
(2, 167),
(2, 171),
(2, 174),
(2, 175),
(2, 176),
(2, 177),
(2, 179),
(2, 181),
(3, 152),
(3, 156),
(3, 172),
(4, 162),
(4, 170),
(5, 163),
(5, 164),
(6, 173),
(6, 178),
(7, 180),
(17, 184);

-- --------------------------------------------------------

--
-- Table structure for table `auth_logins`
--

CREATE TABLE `auth_logins` (
  `id` int(11) UNSIGNED NOT NULL,
  `ip_address` varchar(255) DEFAULT NULL,
  `email` varchar(255) DEFAULT NULL,
  `user_id` int(11) UNSIGNED DEFAULT NULL,
  `date` datetime NOT NULL,
  `success` tinyint(1) NOT NULL
) ENGINE=InnoDB DEFAULT CHARSET=utf8;

--
-- Dumping data for table `auth_logins`
--

INSERT INTO `auth_logins` (`id`, `ip_address`, `email`, `user_id`, `date`, `success`) VALUES
(1, '::1', 'luthfibintang8@gmail.com', 3, '2022-01-10 07:34:39', 1),
(2, '::1', 'luthfibintang8@gmail.com', 3, '2022-01-10 07:36:49', 1),
(3, '::1', 'luthfibintang8@gmail.com', 3, '2022-01-10 09:12:29', 1),
(4, '::1', 'luthfibintang8@gmail.com', 3, '2022-01-10 09:50:18', 1),
(5, '::1', 'hlovio31@gmail.com', 7, '2022-01-10 09:51:01', 1),
(6, '::1', 'luthfibintang8@gmail.com', 3, '2022-01-10 09:55:47', 1),
(7, '::1', 'hlovio31@gmail.com', 7, '2022-01-10 09:56:17', 1),
(8, '::1', 'luthfibintang8@gmail.com', 3, '2022-01-10 10:05:03', 1),
(9, '::1', 'hlovio31@gmail.com', 7, '2022-01-10 10:11:19', 1),
(10, '::1', 'luthfibintang8@gmail.com', 3, '2022-01-10 10:11:31', 1),
(11, '::1', 'hlovio31@gmail.com', 7, '2022-01-10 10:16:00', 1),
(12, '::1', 'luthfibintang8@gmail.com', 3, '2022-01-10 10:26:17', 1),
(13, '::1', 'rizky', NULL, '2022-01-10 10:30:45', 0),
(14, '::1', 'rizky', NULL, '2022-01-10 10:31:12', 0),
(15, '::1', 'rizky', NULL, '2022-01-10 10:31:30', 0),
(16, '::1', 'adahjdakj@gmail.com', 11, '2022-01-10 10:33:11', 1),
(18, '::1', 'luthfibintang8@gmail.com', 3, '2022-01-10 22:30:43', 1),
(19, '::1', 'adahjdakj@gmail.com', 11, '2022-01-10 22:38:23', 1),
(20, '::1', 'hlovio31@gmail.com', 7, '2022-01-10 22:38:48', 1),
(21, '::1', 'luthfibintang8@gmail.com', 3, '2022-01-10 22:39:44', 1),
(22, '::1', 'luthfibintang8@gmail.com', 3, '2022-01-10 22:39:45', 1),
(23, '::1', 'luthfibintang8@gmail.com', 3, '2022-01-10 23:33:23', 1),
(24, '::1', 'luthfibintang8@gmail.com', 3, '2022-01-11 00:03:31', 1),
(25, '::1', 'luthfibintang8@gmail.com', 3, '2022-01-11 07:02:06', 1),
(26, '::1', 'adahjdakj@gmail.com', 11, '2022-01-11 07:02:24', 1),
(27, '::1', 'luthfibintang8@gmail.com', 3, '2022-01-11 07:04:45', 1),
(28, '::1', 'hlovio31@gmail.com', 7, '2022-01-11 07:08:56', 1),
(29, '::1', 'luthfibintang8@gmail.com', 3, '2022-01-11 07:10:40', 1),
(30, '::1', 'luthfibintang8@gmail.com', 3, '2022-01-11 08:01:08', 1),
(31, '::1', 'luthfibintang8@gmail.com', 3, '2022-01-11 09:03:28', 1),
(32, '::1', 'luthfibintang8@gmail.com', 3, '2022-01-11 11:16:11', 1),
(33, '::1', 'luthfibintang8@gmail.com', 3, '2022-01-11 11:53:12', 1),
(34, '::1', 'luthfibintang8@gmail.com', 3, '2022-01-12 04:34:36', 1),
(35, '::1', 'aisyah', NULL, '2022-01-12 07:09:51', 0),
(36, '::1', 'luthfibintang8@gmail.com', 3, '2022-01-13 01:59:52', 1),
(37, '::1', 'tidaktahu', NULL, '2022-01-13 02:30:05', 0),
(38, '::1', 'luthfibintang8@gmail.com', 3, '2022-01-13 02:30:46', 1),
(39, '::1', 'tidaktahu', NULL, '2022-01-13 02:31:33', 0),
(40, '::1', 'luthfibintang8@gmail.com', 3, '2022-01-13 02:39:23', 1),
(41, '::1', 'dsadad@gmail.com', 43, '2022-01-13 02:40:33', 1),
(42, '::1', 'luthfibintang8@gmail.com', 3, '2022-01-13 02:42:46', 1),
(43, '::1', 'luthfibintang8@gmail.com', 3, '2022-01-13 07:17:09', 1),
(44, '::1', 'luthfibintang8@gmail.com', 3, '2022-01-13 09:23:31', 1),
(45, '::1', 'azisya', NULL, '2022-01-13 09:54:26', 0),
(46, '::1', 'azisya', NULL, '2022-01-13 09:54:33', 0),
(47, '::1', 'asulasaa@gmail.com', 75, '2022-01-13 09:55:41', 1),
(48, '::1', 'azisya', NULL, '2022-01-13 09:55:56', 0),
(49, '::1', 'luthfibintang8@gmail.com', 3, '2022-01-13 09:56:01', 1),
(50, '::1', 'testing1', NULL, '2022-01-13 09:56:56', 0),
(51, '::1', 'luthfibintang8@gmail.com', 3, '2022-01-13 09:57:08', 1),
(52, '::1', 'cobacoba', NULL, '2022-01-13 09:57:57', 0),
(53, '::1', 'azisya', NULL, '2022-01-13 10:11:58', 0),
(54, '::1', 'luthfibintang8@gmail.com', 3, '2022-01-13 10:12:03', 1),
(55, '::1', 'plisbisa', NULL, '2022-01-13 10:16:21', 0),
(56, '::1', 'inipastibisa@gmail.com', 80, '2022-01-13 10:17:25', 1),
(57, '::1', 'luthfibintang8@gmail.com', 3, '2022-01-13 10:17:43', 1),
(58, '::1', 'petugas', NULL, '2022-01-13 10:21:25', 0),
(59, '::1', 'admin', NULL, '2022-01-13 10:25:03', 0),
(60, '::1', 'luthfibintang8@gmail.com', 3, '2022-01-13 10:25:08', 1),
(61, '::1', 'petugas2', NULL, '2022-01-13 10:25:46', 0),
(62, '::1', 'petugas2', NULL, '2022-01-13 10:25:53', 0),
(63, '::1', 'luthfibintang8@gmail.com', 3, '2022-01-13 10:28:29', 1),
(64, '::1', 'asulah', NULL, '2022-01-13 10:29:16', 0),
(65, '::1', 'adminw', NULL, '2022-01-13 10:51:26', 0),
(66, '::1', 'luthfibintang8@gmail.com', 3, '2022-01-13 10:51:34', 1),
(67, '::1', 'luthfi', NULL, '2022-01-13 10:52:51', 0),
(68, '::1', 'ADMIN', NULL, '2022-01-13 10:56:58', 0),
(69, '::1', 'luthfibintang8@gmail.com', 3, '2022-01-13 10:57:06', 1),
(70, '::1', 'tidaktahulagi', NULL, '2022-01-13 10:58:22', 0),
(71, '::1', 'luthfibintang8@gmail.com', 3, '2022-01-13 10:58:28', 1),
(72, '::1', 'apaya', NULL, '2022-01-13 11:03:40', 0),
(73, '::1', 'apaya', NULL, '2022-01-13 11:03:48', 0),
(74, '::1', 'luthfibintang8@gmail.com', 3, '2022-01-13 11:10:11', 1),
(75, '::1', 'apaya', NULL, '2022-01-13 11:12:09', 0),
(76, '::1', 'luthfibintang8@gmail.com', 3, '2022-01-14 00:00:22', 1),
(77, '::1', 'gajelasbanget', NULL, '2022-01-14 00:09:13', 0),
(78, '::1', 'luthfibintang8@gmail.com', 3, '2022-01-14 00:14:30', 1),
(79, '::1', 'bismilah', 90, '2022-01-14 00:58:48', 0),
(80, '::1', 'bismilah', 90, '2022-01-14 00:59:07', 0),
(81, '::1', 'semogabisa@gmail.com', 90, '2022-01-14 01:10:54', 1),
(82, '::1', 'luthfibintang8@gmail.com', 3, '2022-01-14 01:12:06', 1),
(83, '::1', 'rizkyakuta@gmail.com', 91, '2022-01-14 01:15:44', 1),
(84, '::1', 'luthfibintang8@gmail.com', 3, '2022-01-14 01:15:54', 1),
(85, '::1', 'masyarakat@gmail.com', 92, '2022-01-14 01:21:26', 1),
(86, '::1', 'luthfibintang8@gmail.com', 3, '2022-01-14 01:21:35', 1),
(87, '::1', 'masyarakat@gmail.com', 93, '2022-01-14 01:26:25', 1),
(88, '::1', 'masyarakat@gmail.com', 93, '2022-01-14 01:27:47', 1),
(89, '::1', 'rizkyakuta@gmail.com', 91, '2022-01-14 01:28:00', 1),
(90, '::1', 'admin', NULL, '2022-01-14 01:28:09', 0),
(91, '::1', 'luthfibintang8@gmail.com', 3, '2022-01-14 01:28:13', 1),
(92, '::1', 'luthfibintang8@gmail.com', 3, '2022-01-14 01:41:31', 1),
(93, '::1', 'masyarakat2', NULL, '2022-01-14 01:46:27', 0),
(94, '::1', 'masyarakat2', NULL, '2022-01-14 01:46:36', 0),
(95, '::1', 'masyarakat2@gmail.com', 94, '2022-01-14 01:46:42', 1),
(96, '::1', 'luthfibintang8@gmail.com', 3, '2022-01-14 01:46:50', 1),
(97, '::1', 'luthfibintang8@gmail.com', 3, '2022-01-16 03:20:42', 1),
(98, '::1', 'petugas@gmail.com', 112, '2022-01-16 03:21:47', 1),
(99, '::1', 'masyarakat@gmail.com', 109, '2022-01-16 03:21:59', 1),
(100, '::1', 'petugas@gmail.com', 112, '2022-01-16 03:22:17', 1),
(101, '::1', 'luthfibintang8@gmail.com', 3, '2022-01-16 03:22:25', 1),
(102, '::1', 'luthfibintang8@gmail.com', 3, '2022-01-20 04:28:51', 1),
(103, '::1', 'asulah@gmail.com', 117, '2022-01-20 05:09:18', 1),
(104, '::1', 'luthfibintang8@gmail.com', 3, '2022-01-20 05:09:30', 1),
(105, '::1', 'asulah@gmail.com', 117, '2022-01-20 05:09:58', 1),
(106, '::1', 'luthfibintang8@gmail.com', 3, '2022-01-20 05:17:44', 1),
(107, '::1', 'petugas3@gmail.com', 113, '2022-01-20 06:04:58', 1),
(108, '::1', 'luthfibintang8@gmail.com', 3, '2022-01-20 06:06:16', 1),
(109, '::1', 'luthfibintang8@gmail.com', 3, '2022-01-20 08:20:03', 1),
(110, '::1', 'admin', NULL, '2022-01-20 08:29:16', 0),
(111, '::1', 'luthfibintang8@gmail.com', 3, '2022-01-20 08:29:22', 1),
(112, '::1', 'luthfibintang8@gmail.com', 3, '2022-01-21 01:16:02', 1),
(113, '::1', 'luthfibintang8@gmail.com', 3, '2022-01-21 01:17:38', 1),
(114, '::1', 'hlovio', 118, '2022-01-21 01:25:39', 0),
(115, '::1', 'hlovio31@gmail.com', 118, '2022-01-21 01:47:30', 1),
(116, '::1', 'hlovio31@gmail.com', 118, '2022-01-21 02:57:33', 1),
(117, '::1', 'admin', NULL, '2022-01-21 02:58:43', 0),
(118, '::1', 'admin', NULL, '2022-01-21 02:58:50', 0),
(119, '::1', 'admin', NULL, '2022-01-21 02:59:01', 0),
(120, '::1', 'admin', NULL, '2022-01-21 02:59:08', 0),
(121, '::1', 'luthfibintang8@gmail.com', 3, '2022-01-21 03:00:04', 1),
(122, '::1', 'admin', NULL, '2022-01-21 03:15:08', 0),
(123, '::1', 'luthfibintang8@gmail.com', 3, '2022-01-21 03:15:14', 1),
(124, '::1', 'hlovio31@gmail.com', 118, '2022-01-21 03:34:50', 1),
(125, '::1', 'admin', NULL, '2022-01-21 03:41:23', 0),
(126, '::1', 'admin', NULL, '2022-01-21 03:41:30', 0),
(127, '::1', 'luthfibintang8@gmail.com', 3, '2022-01-21 03:41:39', 1),
(128, '::1', 'admin', NULL, '2022-01-22 04:48:10', 0),
(129, '::1', 'luthfibintang8@gmail.com', 3, '2022-01-22 04:48:15', 1),
(130, '::1', 'masyarakat', NULL, '2022-01-22 04:48:47', 0),
(131, '::1', 'ntahlah2004@gmail.com', 119, '2022-01-22 04:51:08', 1),
(132, '::1', 'luthfibintang8@gmail.com', 3, '2022-01-22 06:10:18', 1),
(133, '::1', 'ntahlah2004@gmail.com', 119, '2022-01-22 06:24:07', 1),
(134, '::1', 'luthfibintang8@gmail.com', 3, '2022-01-22 06:39:16', 1),
(135, '::1', 'ntahlah2004@gmail.com', 119, '2022-01-22 06:49:43', 1),
(136, '::1', 'luthfibintang8@gmail.com', 3, '2022-01-22 06:53:41', 1),
(137, '::1', 'admin', NULL, '2022-01-22 07:07:36', 0),
(138, '::1', 'luthfibintang8@gmail.com', 3, '2022-01-22 07:07:44', 1),
(139, '::1', 'luthfibintang8@gmail.com', 125, '2022-01-22 08:04:49', 1),
(140, '::1', 'luthfibintang8@gmail.com', 125, '2022-01-22 08:05:05', 1),
(141, '::1', 'luthfibintang8@gmail.com', 126, '2022-01-22 08:22:49', 1),
(142, '::1', 'luthfibintang8@gmail.com', 126, '2022-01-22 19:46:54', 1),
(143, '::1', 'luthfibintang18@gmail.com', 146, '2022-01-22 22:29:17', 1),
(144, '::1', 'luthfibintang8@gmail.com', 126, '2022-01-22 22:29:39', 1),
(145, '::1', 'asdsadad', NULL, '2022-01-22 22:46:52', 0),
(146, '::1', 'adsad', NULL, '2022-01-22 22:46:58', 0),
(147, '::1', 'admin', NULL, '2022-01-22 22:47:09', 0),
(148, '::1', 'adsa', NULL, '2022-01-22 22:47:22', 0),
(149, '::1', 'adsad', NULL, '2022-01-22 22:55:14', 0),
(150, '::1', 'admin', NULL, '2022-01-22 22:55:30', 0),
(151, '::1', 'luthfi', NULL, '2022-01-22 23:21:31', 0),
(152, '::1', 'asadad', NULL, '2022-01-22 23:21:52', 0),
(153, '::1', 'luthfibintang8@gmail.com', 126, '2022-01-22 23:22:01', 1),
(154, '::1', 'luthfibintang8@gmail.com', 126, '2022-01-22 23:25:02', 1),
(155, '::1', 'masyarakattest@gmail.com', 149, '2022-01-23 00:30:51', 1),
(156, '::1', 'luthfibintang8@gmail.com', 126, '2022-01-23 00:32:55', 1),
(157, '::1', 'petugas3@gmail.com', 136, '2022-01-23 01:17:37', 1),
(158, '::1', 'luthfibintang8@gmail.com', 126, '2022-01-23 01:18:35', 1),
(159, '::1', 'masyarakat2', NULL, '2022-01-23 01:29:13', 0),
(160, '::1', 'masyarakat2@gmail.com', 151, '2022-01-23 01:29:24', 1),
(161, '::1', 'luthfibintang8@gmail.com', 126, '2022-01-23 01:29:38', 1),
(162, '::1', 'masyarakat3@gmail.com', 153, '2022-01-23 01:31:05', 1),
(163, '::1', 'masyarakat3', NULL, '2022-01-23 01:32:43', 0),
(164, '::1', 'hlovio31@gmail.com', 153, '2022-01-23 01:32:50', 1),
(165, '::1', 'luthfibintang8@gmail.com', 126, '2022-01-23 06:55:29', 1),
(166, '::1', 'masyarakat@gmail.com', 127, '2022-01-23 07:02:18', 1),
(167, '::1', 'luthfibintang8@gmail.com', 126, '2022-01-23 08:10:28', 1),
(168, '::1', 'masyarakat@gmail.com', 127, '2022-01-23 08:18:04', 1),
(169, '::1', 'luthfibintang8@gmail.com', 126, '2022-01-23 08:19:45', 1),
(170, '::1', 'petugas@gmail.com', 136, '2022-01-23 08:20:45', 1),
(171, '::1', 'luthfibintang8@gmail.com', 126, '2022-01-23 08:28:52', 1),
(172, '::1', 'masyakarat', NULL, '2022-01-23 08:29:08', 0),
(173, '::1', 'masyarakat@gmail.com', 127, '2022-01-23 08:29:16', 1),
(174, '::1', 'luthfibintang8@gmail.com', 126, '2022-01-23 08:29:56', 1),
(175, '::1', 'masyarakat@gmail.com', 127, '2022-01-23 09:03:21', 1),
(176, '::1', 'luthfibintang8@gmail.com', 126, '2022-01-23 09:11:49', 1),
(177, '::1', 'masyarakat@gmail.com', 127, '2022-01-23 09:55:17', 1),
(178, '::1', 'luthfibintang8@gmail.com', 126, '2022-01-23 09:55:44', 1),
(179, '::1', 'masyarakat', NULL, '2022-01-23 10:17:53', 0),
(180, '::1', 'masyarakat2', NULL, '2022-01-23 10:18:03', 0),
(181, '::1', 'masyarakat3', NULL, '2022-01-23 10:18:09', 0),
(182, '::1', 'masyarakat3', NULL, '2022-01-23 10:18:22', 0),
(183, '::1', 'hlovio31@gmail.com', 153, '2022-01-23 10:18:31', 1),
(184, '::1', 'petugas@gmail.com', 136, '2022-01-23 10:24:44', 1),
(185, '::1', 'petugas2@gmail.com', 150, '2022-01-23 10:27:14', 1),
(186, '::1', 'luthfibintang8@gmail.com', 126, '2022-01-23 10:27:45', 1),
(187, '::1', 'luthfibintang8@gmail.com', 126, '2022-01-23 23:58:18', 1),
(188, '::1', 'petugas2@gmail.com', 156, '2022-01-24 00:00:43', 1),
(189, '::1', 'masyarakat2@gmail.com', 155, '2022-01-24 00:01:21', 1),
(190, '::1', 'luthfibintang8@gmail.com', 126, '2022-01-24 00:05:45', 1),
(191, '::1', 'petugas3@gmail.com', 157, '2022-01-24 00:06:33', 1),
(192, '::1', 'masyarakat@gmail.com', 154, '2022-01-24 00:40:28', 1),
(193, '::1', 'masyarakat2@gmail.com', 155, '2022-01-24 02:08:48', 1),
(194, '::1', 'masyarakat@gmail.com', 154, '2022-01-24 02:09:01', 1),
(195, '::1', 'masyarakat@gmail.com', 154, '2022-01-24 04:44:20', 1),
(196, '::1', 'luthfibintang8@gmail.com', 126, '2022-01-24 04:56:01', 1),
(197, '::1', 'masyarakat@gmail.com', 154, '2022-01-24 04:58:54', 1),
(198, '::1', 'luthfibintang8@gmail.com', 126, '2022-01-24 05:19:23', 1),
(199, '::1', 'masyarakat@gmail.com', 154, '2022-01-24 05:24:54', 1),
(200, '::1', 'masyarkat2', NULL, '2022-01-24 08:11:05', 0),
(201, '::1', 'masyarakat2@gmail.com', 155, '2022-01-24 08:11:11', 1),
(202, '::1', 'masyarakat@gmail.com', 154, '2022-01-24 09:27:27', 1),
(203, '::1', 'masyarkat2', NULL, '2022-01-24 09:29:14', 0),
(204, '::1', 'masyarakat2@gmail.com', 155, '2022-01-24 09:29:20', 1),
(205, '::1', 'masyarakat@gmail.com', 154, '2022-01-24 21:29:59', 1),
(206, '::1', 'masyarakat2@gmail.com', 155, '2022-01-24 21:31:08', 1),
(207, '::1', 'luthfibintang8@gmail.com', 126, '2022-01-24 23:24:39', 1),
(208, '::1', 'ksjdajdkadja@gmail.com', 158, '2022-01-24 23:25:46', 1),
(209, '::1', 'masyarakat@gmail.com', 154, '2022-01-25 00:41:24', 1),
(210, '::1', 'luthfibintang8@gmail.com', 126, '2022-01-25 01:06:42', 1),
(211, '::1', 'masyarakat@gmail.com', 154, '2022-01-25 01:07:36', 1),
(212, '::1', 'luthfibintang8@gmail.com', 126, '2022-01-25 01:27:55', 1),
(213, '::1', 'masyarakat@gmail.com', 154, '2022-01-25 01:28:47', 1),
(214, '::1', 'masyarakat@gmail.com', 154, '2022-01-25 02:59:12', 1),
(215, '::1', 'masyarakat2@gmail.com', 155, '2022-01-25 03:00:03', 1),
(216, '::1', 'masyarakat@gmail.com', 154, '2022-01-25 06:10:25', 1),
(217, '::1', 'masyarakat2@gmail.com', 155, '2022-01-25 06:11:05', 1),
(218, '::1', 'masyarakat@gmail.com', 154, '2022-01-25 06:12:46', 1),
(219, '::1', 'masyarakat2@gmail.com', 155, '2022-01-25 06:24:51', 1),
(220, '::1', 'petugas@gmail.com', 152, '2022-01-25 08:06:58', 1),
(221, '::1', 'petugas@gmail.com', 152, '2022-01-25 08:19:16', 1),
(222, '::1', 'masyarakat@gmail.com', 154, '2022-01-25 08:19:26', 1),
(223, '::1', 'masyarakat2@gmail.com', 155, '2022-01-25 08:19:42', 1),
(224, '::1', 'petugas@gmail.com', 152, '2022-01-25 08:19:56', 1),
(225, '::1', 'masyarakat2@gmail.com', 155, '2022-01-25 08:36:22', 1),
(226, '::1', 'luthfibintang8@gmail.com', 126, '2022-01-25 18:49:05', 1),
(227, '::1', 'masyarakat@gmail.com', 154, '2022-01-25 18:49:16', 1),
(228, '::1', 'petugas@gmail.com', 152, '2022-01-25 19:06:54', 1),
(229, '::1', 'petugas@gmail.com', 152, '2022-01-25 21:39:18', 1),
(230, '::1', 'masyarakat@gmail.com', 154, '2022-01-25 21:42:35', 1),
(231, '::1', 'petugas@gmail.com', 152, '2022-01-25 22:17:17', 1),
(232, '::1', 'luthfibintang8@gmail.com', 126, '2022-01-25 22:41:29', 1),
(233, '::1', 'masyarakat@gmail.com', 154, '2022-01-25 23:10:49', 1),
(234, '::1', 'masyarakat2@gmail.com', 155, '2022-01-26 00:22:16', 1),
(235, '::1', 'masyarakat@gmail.com', 154, '2022-01-26 05:22:39', 1),
(236, '::1', 'hlovio31@gmail.com', 154, '2022-01-26 05:26:48', 1),
(237, '::1', 'hlovio31@gmail.com', 154, '2022-01-26 05:31:32', 1),
(238, '::1', 'masyarakat', NULL, '2022-01-26 05:42:13', 0),
(239, '::1', 'hlovio31@gmail.com', 154, '2022-01-26 05:42:24', 1),
(240, '::1', 'masyarakat2@gmail.com', 155, '2022-01-26 05:53:04', 1),
(241, '::1', 'luthfibintang8@gmail.com', 126, '2022-01-26 05:54:36', 1),
(242, '::1', 'masyarakat', NULL, '2022-01-26 06:04:58', 0),
(243, '::1', 'masyarakat', NULL, '2022-01-26 06:05:04', 0),
(244, '::1', 'hlovio31@gmail.com', 154, '2022-01-26 06:05:11', 1),
(245, '::1', 'petugas@gmail.com', 152, '2022-01-26 06:10:05', 1),
(246, '::1', 'hlovio31@gmail.com', 154, '2022-01-26 06:10:39', 1),
(247, '::1', 'luthfibintang8@gmail.com', 126, '2022-01-26 06:16:54', 1),
(248, '::1', 'luthfibintang8@gmail.com', 126, '2022-01-26 06:35:14', 1),
(249, '::1', 'hlovio31@gmail.com', 154, '2022-01-26 06:35:28', 1),
(250, '::1', 'masyarakat2@gmail.com', 155, '2022-01-26 06:37:02', 1),
(251, '::1', 'hlovio31@gmail.com', 154, '2022-01-26 06:37:35', 1),
(252, '::1', 'masyarakat2@gmail.com', 155, '2022-01-26 06:40:39', 1),
(253, '::1', 'hlovio31@gmail.com', 154, '2022-01-26 06:41:30', 1),
(254, '::1', 'masyarakat2@gmail.com', 155, '2022-01-26 06:44:08', 1),
(255, '::1', 'hlovio31@gmail.com', 154, '2022-01-26 06:45:43', 1),
(256, '::1', 'masyarakat2@gmail.com', 155, '2022-01-26 06:46:11', 1),
(257, '::1', 'hlovio31@gmail.com', 154, '2022-01-26 06:47:48', 1),
(258, '::1', 'masyarakat2@gmail.com', 155, '2022-01-26 06:48:10', 1),
(259, '::1', 'hlovio31@gmail.com', 154, '2022-01-26 06:52:14', 1),
(260, '::1', 'masyarakat2@gmail.com', 155, '2022-01-26 06:52:59', 1),
(261, '::1', 'hlovio31@gmail.com', 154, '2022-01-26 06:53:25', 1),
(262, '::1', 'petugas@gmail.com', 152, '2022-01-26 06:58:59', 1),
(263, '::1', 'luthfibintang8@gmail.com', 126, '2022-01-26 07:08:37', 1),
(264, '::1', 'kepolisian@gmail.com', 161, '2022-01-26 07:09:25', 1),
(265, '::1', 'luthfibintang8@gmail.com', 126, '2022-01-26 07:10:43', 1),
(266, '::1', 'medis@gmail.com', 162, '2022-01-26 07:14:09', 1),
(267, '::1', 'luthfibintang8@gmail.com', 126, '2022-01-26 07:14:17', 1),
(268, '::1', 'medis@gmail.com', 162, '2022-01-26 07:25:23', 1),
(269, '::1', 'polisi@gmail.com', 163, '2022-01-26 07:44:06', 1),
(270, '::1', 'polisi@gmail.com', 163, '2022-01-26 07:45:05', 1),
(271, '::1', 'petugas@gmail.com', 152, '2022-01-26 07:48:30', 1),
(272, '::1', 'hlovio31@gmail.com', 154, '2022-01-26 07:49:07', 1),
(273, '::1', 'masyarakat2@gmail.com', 155, '2022-01-26 07:49:34', 1),
(274, '::1', 'petugas@gmail.com', 152, '2022-01-26 07:51:00', 1),
(275, '::1', 'polisi@gmail.com', 163, '2022-01-26 07:51:33', 1),
(276, '::1', 'polisi@gmail.com', 163, '2022-01-26 20:51:39', 1),
(277, '::1', 'hlovio31@gmail.com', 154, '2022-01-26 20:53:50', 1),
(278, '::1', 'petugas@gmail.com', 152, '2022-01-26 20:57:39', 1),
(279, '::1', 'polisi@gmail.com', 163, '2022-01-26 20:58:12', 1),
(280, '::1', 'medis@gmail.com', 162, '2022-01-26 21:14:54', 1),
(281, '::1', 'polisi@gmail.com', 163, '2022-01-26 21:15:23', 1),
(282, '::1', 'hlovio31@gmail.com', 154, '2022-01-26 21:16:34', 1),
(283, '::1', 'petugas@gmail.com', 152, '2022-01-26 21:17:11', 1),
(284, '::1', 'medis@gmail.com', 162, '2022-01-26 21:17:36', 1),
(285, '::1', 'polisi@gmail.com', 163, '2022-01-27 00:07:01', 1),
(286, '::1', 'polisi@gmail.com', 163, '2022-01-27 07:38:05', 1),
(287, '::1', 'medis@gmail.com', 162, '2022-01-27 07:49:55', 1),
(288, '::1', 'polisi@gmail.com', 163, '2022-01-27 07:57:11', 1),
(289, '::1', 'medis@gmail.com', 162, '2022-01-27 08:13:18', 1),
(290, '::1', 'hlovio31@gmail.com', 154, '2022-01-27 08:17:14', 1),
(291, '::1', 'hlovio31@gmail.com', 154, '2022-01-27 08:18:32', 1),
(292, '::1', 'masyarakat2@gmail.com', 155, '2022-01-27 08:20:02', 1),
(293, '::1', 'petugas@gmail.com', 152, '2022-01-27 08:20:54', 1),
(294, '::1', 'hlovio31@gmail.com', 154, '2022-01-27 08:22:12', 1),
(295, '::1', 'polisi@gmail.com', 163, '2022-01-27 08:22:46', 1),
(296, '::1', 'medis@gmail.com', 162, '2022-01-27 08:23:56', 1),
(297, '::1', 'hlovio31@gmail.com', 154, '2022-01-27 08:24:34', 1),
(298, '::1', 'masyarakat2@gmail.com', 155, '2022-01-27 08:24:53', 1),
(299, '::1', 'medis@gmail.com', 162, '2022-01-27 08:25:03', 1),
(300, '::1', 'polisi@gmail.com', 163, '2022-01-27 08:51:26', 1),
(301, '::1', 'luthfibintang8@gmail.com', 126, '2022-01-27 09:27:28', 1),
(302, '::1', 'luthfibintang8@gmail.com', 126, '2022-01-28 05:39:14', 1),
(303, '::1', 'hlovio31@gmail.com', 154, '2022-01-28 05:39:58', 1),
(304, '::1', 'petugas@gmail.com', 152, '2022-01-28 05:40:28', 1),
(305, '::1', 'polisi@gmail.com', 163, '2022-01-28 05:40:50', 1),
(306, '::1', 'hlovio31@gmail.com', 154, '2022-01-28 05:41:49', 1),
(307, '::1', 'masyarakat2@gmail.com', 155, '2022-01-28 05:42:06', 1),
(308, '::1', 'medis@gmail.com', 162, '2022-01-28 05:42:32', 1),
(309, '::1', 'polisi@gmail.com', 163, '2022-01-28 05:47:17', 1),
(310, '::1', 'luthfibintang8@gmail.com', 126, '2022-01-28 22:18:03', 1),
(311, '::1', 'polisi2@gmail.com', 164, '2022-01-28 22:19:04', 1),
(312, '::1', 'luthfibintang8@gmail.com', 126, '2022-01-28 22:47:53', 1),
(313, '::1', 'hlovio31@gmail.com', 154, '2022-01-28 22:48:07', 1),
(314, '::1', 'polisi@gmail.com', 163, '2022-01-28 22:54:46', 1),
(315, '::1', 'medis@gmail.com', 162, '2022-01-29 00:51:32', 1),
(316, '::1', 'polisi@gmail.com', 163, '2022-01-29 02:21:58', 1),
(317, '::1', 'masyarakat2@gmail.com', 155, '2022-01-29 02:22:16', 1),
(318, '::1', 'petugas@gmail.com', 152, '2022-01-29 02:23:32', 1),
(319, '::1', 'polisi@gmail.com', 163, '2022-01-29 02:24:07', 1),
(320, '::1', 'polisi2@gmail.com', 164, '2022-01-29 03:47:31', 1),
(321, '::1', 'hlovio31@gmail.com', 154, '2022-01-29 03:49:07', 1),
(322, '::1', 'polisi@gmail.com', 163, '2022-01-29 04:02:24', 1),
(323, '::1', 'hlovio31@gmail.com', 154, '2022-01-29 04:02:50', 1),
(324, '::1', 'polisi', NULL, '2022-01-29 04:08:41', 0),
(325, '::1', 'polisi@gmail.com', 163, '2022-01-29 04:08:46', 1),
(326, '::1', 'medis@gmail.com', 162, '2022-01-29 04:09:18', 1),
(327, '::1', 'hlovio31@gmail.com', 154, '2022-01-29 04:09:44', 1),
(328, '::1', 'masyarakat2@gmail.com', 155, '2022-01-29 04:10:12', 1),
(329, '::1', 'polisi@gmail.com', 163, '2022-01-29 21:15:47', 1),
(330, '::1', 'hlovio31@gmail.com', 154, '2022-01-30 00:28:07', 1),
(331, '::1', 'medis@gmail.com', 162, '2022-01-30 00:28:34', 1),
(332, '::1', 'luthfibintang8@gmail.com', 126, '2022-01-30 02:39:24', 1),
(333, '::1', 'polisi@gmail.com', 163, '2022-01-30 05:56:48', 1),
(334, '::1', 'medis@gmail.com', 162, '2022-01-30 05:59:11', 1),
(335, '::1', 'polisi@gmail.com', 163, '2022-01-30 06:02:56', 1),
(336, '::1', 'luthfibintang8@gmail.com', 126, '2022-01-31 03:44:41', 1),
(337, '::1', 'hlovio31@gmail.com', 154, '2022-02-01 03:29:16', 1),
(338, '::1', 'polisi@gmail.com', 163, '2022-02-01 03:34:00', 1),
(339, '::1', 'luthfibintang8@gmail.com', 126, '2022-02-01 03:34:11', 1),
(340, '::1', 'luthfibintang8@gmail.com', 126, '2022-02-01 03:46:48', 1),
(341, '::1', 'luthfibintang8@gmail.com', 126, '2022-02-07 19:42:34', 1),
(342, '::1', 'luthfibintang8@gmail.com', 126, '2022-02-08 00:36:16', 1),
(343, '::1', 'masyarakat', NULL, '2022-02-08 00:55:56', 0),
(344, '::1', 'hlovio31@gmail.com', 154, '2022-02-08 00:56:03', 1),
(345, '::1', 'luthfibintang8@gmail.com', 126, '2022-02-08 00:56:20', 1),
(346, '::1', 'luthfibintang8@gmail.com', 126, '2022-02-10 03:18:07', 1),
(347, '::1', 'hlovio31@gmail.com', 154, '2022-02-10 03:21:16', 1),
(348, '::1', 'petugas@gmail.com', 152, '2022-02-10 03:23:32', 1),
(349, '::1', 'polisi@gmail.com', 163, '2022-02-10 03:24:11', 1),
(350, '::1', 'admin', NULL, '2022-02-10 03:46:43', 0),
(351, '::1', 'luthfibintang8@gmail.com', 126, '2022-02-10 03:46:51', 1),
(352, '::1', 'admin', NULL, '2022-02-11 05:20:35', 0),
(353, '::1', 'luthfibintang8@gmail.com', 126, '2022-02-11 05:20:45', 1),
(354, '::1', 'luthfibintang8@gmail.com', 126, '2022-02-11 08:01:15', 1),
(355, '::1', 'hlovio31@gmail.com', 154, '2022-02-11 08:01:52', 1),
(356, '::1', 'sdadadsa', NULL, '2022-02-11 08:04:02', 0),
(357, '::1', 'asdada', NULL, '2022-02-11 08:04:09', 0),
(358, '::1', 'asdadad', NULL, '2022-02-11 08:08:16', 0),
(359, '::1', 'adasd', NULL, '2022-02-11 08:09:19', 0),
(360, '::1', 'adsadad', NULL, '2022-02-11 08:10:14', 0),
(361, '::1', 'luthfibintang8@gmail.com', 126, '2022-02-11 08:12:20', 1),
(362, '::1', 'hlovio31@gmail.com', 154, '2022-02-11 08:13:14', 1),
(363, '::1', 'luthfibintang8@gmail.com', 126, '2022-02-11 08:14:02', 1),
(364, '::1', 'admin', NULL, '2022-02-11 08:24:54', 0),
(365, '::1', 'admin', NULL, '2022-02-11 08:27:31', 0),
(366, '::1', 'luthfibintang8@gmail.com', 126, '2022-02-11 09:03:04', 1),
(367, '::1', 'admin', NULL, '2022-02-11 09:03:38', 0),
(368, '::1', 'luthfibintang8@gmail.com', 126, '2022-02-11 09:03:47', 1),
(369, '::1', 'testing@gmail.com', 165, '2022-02-11 09:56:33', 1),
(370, '::1', 'admin', NULL, '2022-02-11 09:57:14', 0),
(371, '::1', 'luthfibintang8@gmail.com', 126, '2022-02-11 09:57:25', 1),
(372, '::1', 'luthfibintang8@gmail.com', 126, '2022-02-11 09:57:36', 1),
(373, '::1', 'kasdakdak@gmail.com', 166, '2022-02-11 10:04:19', 1),
(374, '::1', 'luthfibintang8@gmail.com', 126, '2022-02-11 10:23:51', 1),
(375, '::1', 'luthfibintang8@gmail.com', 126, '2022-02-11 10:24:24', 1),
(376, '::1', 'luthfibintang8@gmail.com', 126, '2022-02-11 10:26:58', 1),
(377, '::1', 'luthfibintang8@gmail.com', 126, '2022-02-12 02:43:10', 1),
(378, '::1', 'masyarakat3@gmail.com', 167, '2022-02-12 02:46:05', 1),
(379, '::1', 'luthfibintang8@gmail.com', 126, '2022-02-12 03:04:40', 1),
(380, '::1', 'luthfibintang8@gmail.com', 126, '2022-02-12 03:16:25', 1),
(381, '::1', 'admin', NULL, '2022-02-12 03:16:37', 0),
(382, '::1', 'luthfibintang8@gmaill.com', NULL, '2022-02-12 03:18:26', 0),
(383, '::1', 'luthfibintang8@gmail.com', 126, '2022-02-12 03:18:38', 1),
(384, '::1', 'luthfibintang8@gmail.com', 126, '2022-02-12 03:18:48', 1),
(385, '::1', 'luthfibintang8@gmail.com', NULL, '2022-02-12 03:20:35', 0),
(386, '::1', 'admin', NULL, '2022-02-12 03:20:41', 0),
(387, '::1', 'admin', NULL, '2022-02-12 03:20:48', 0),
(388, '::1', 'admin', NULL, '2022-02-12 03:21:20', 0),
(389, '::1', 'luthfibintang8@gmail.com', 126, '2022-02-12 03:22:29', 1),
(390, '::1', 'admin', NULL, '2022-02-12 03:22:40', 0),
(391, '::1', 'luthfibintang8@gmail.com', 126, '2022-02-12 03:37:34', 1),
(392, '::1', 'luthfibintang8@gmail.com', 126, '2022-02-12 03:40:03', 1),
(393, '::1', 'admin', NULL, '2022-02-12 05:08:43', 0),
(394, '::1', 'luthfibintang8@gmail.com', 126, '2022-02-12 05:08:52', 1),
(395, '::1', 'admin', NULL, '2022-02-12 05:09:12', 0),
(396, '::1', 'luthfibintang8@gmail.com', 126, '2022-02-12 05:09:19', 1),
(397, '::1', 'hlovio31@gmail.com', 154, '2022-02-12 07:25:43', 1),
(398, '::1', 'admin', NULL, '2022-02-12 07:26:01', 0),
(399, '::1', 'luthfibintang8@gmail.com', 126, '2022-02-12 07:26:08', 1),
(400, '::1', 'luthfibintang8@gmail.com', 126, '2022-02-12 07:39:31', 1),
(401, '::1', 'admin', NULL, '2022-02-12 10:13:56', 0),
(402, '::1', 'luthfibintang8@gmail.com', 126, '2022-02-12 10:14:02', 1),
(403, '::1', 'hlovio31@gmail.com', 154, '2022-02-12 10:37:38', 1),
(404, '::1', 'luthfibintang8@gmail.com', 126, '2022-02-12 11:16:18', 1),
(405, '::1', 'petugas@gmail.com', 152, '2022-02-12 12:19:40', 1),
(406, '::1', 'admin', NULL, '2022-02-12 12:21:44', 0),
(407, '::1', 'luthfibintang8@gmail.com', 126, '2022-02-12 12:21:49', 1),
(408, '::1', 'hlovio31@gmail.com', 154, '2022-02-12 12:22:07', 1),
(409, '::1', 'petugas@gmail.com', 152, '2022-02-12 12:25:11', 1),
(410, '::1', 'luthfibintang8@gmail.com', 126, '2022-02-12 12:42:29', 1),
(411, '::1', 'luthfibintang8@gmail.com', 126, '2022-02-12 12:56:06', 1),
(412, '::1', 'luthfibintang8@gmail.com', 126, '2022-02-13 02:09:02', 1),
(413, '::1', 'polisi@gmail.com', 163, '2022-02-13 02:09:39', 1),
(414, '::1', 'petugas@gmail.com', 152, '2022-02-13 02:26:19', 1),
(415, '::1', 'medis@gmail.com', 162, '2022-02-13 02:26:52', 1),
(416, '::1', 'masyarakat3@gmail.com', 167, '2022-02-13 02:30:41', 1),
(417, '::1', 'petugas@gmail.com', 152, '2022-02-13 02:32:10', 1),
(418, '::1', 'polisi@gmail.com', 163, '2022-02-13 02:32:49', 1),
(419, '::1', 'luthfibintang8@gmail.com', 126, '2022-02-13 02:45:13', 1),
(420, '::1', 'hlovio31@gmail.com', 154, '2022-02-13 03:01:15', 1),
(421, '::1', 'hlovio31@gmail.com', 154, '2022-02-13 03:33:25', 1),
(422, '::1', 'admin', NULL, '2022-02-13 03:53:41', 0),
(423, '::1', 'luthfibintang8@gmail.com', 126, '2022-02-13 03:53:47', 1),
(424, '::1', 'hlovio31@gmail.com', 154, '2022-02-13 04:10:15', 1),
(425, '::1', 'admin', NULL, '2022-02-13 04:31:20', 0),
(426, '::1', 'luthfibintang8@gmail.com', 126, '2022-02-13 04:31:27', 1),
(427, '::1', 'hlovio31@gmail.com', 154, '2022-02-13 04:58:30', 1),
(428, '::1', 'luthfibintang8@gmail.com', 126, '2022-02-13 05:14:25', 1),
(429, '::1', 'hlovio31@gmail.com', 154, '2022-02-13 05:14:48', 1),
(430, '::1', 'petugas@gmail.com', 152, '2022-02-13 05:24:32', 1),
(431, '::1', 'hlovio31@gmail.com', 154, '2022-02-13 05:25:02', 1),
(432, '::1', 'petugas@gmail.com', 152, '2022-02-13 05:26:11', 1),
(433, '::1', 'luthfibintang8@gmail.com', 126, '2022-02-13 05:29:28', 1),
(434, '::1', 'petugas@gmail.com', 152, '2022-02-13 05:30:31', 1),
(435, '::1', 'polisi@gmail.com', 163, '2022-02-13 05:38:36', 1),
(436, '::1', 'hlovio31@gmail.com', 154, '2022-02-13 07:50:36', 1),
(437, '::1', 'petugas@gmail.com', 152, '2022-02-13 07:54:13', 1),
(438, '::1', 'medis@gmail.com', 162, '2022-02-13 07:55:10', 1),
(439, '::1', 'admin', NULL, '2022-02-13 07:56:14', 0),
(440, '::1', 'luthfibintang8@gmail.com', 126, '2022-02-13 07:56:25', 1),
(441, '::1', 'medis@gmail.com', 162, '2022-02-13 18:48:47', 1),
(442, '::1', 'polisi@gmail.com', 163, '2022-02-13 18:52:15', 1),
(443, '::1', 'polisi2@gmail.com', 164, '2022-02-13 18:54:12', 1),
(444, '::1', 'polisi@gmail.com', 163, '2022-02-13 18:59:54', 1),
(445, '::1', 'luthfibintang8@gmail.com', 126, '2022-02-13 19:13:45', 1),
(446, '::1', 'luthfibintang8@gmail.com', 126, '2022-02-13 19:39:33', 1),
(447, '::1', 'hlovio31@gmail.com', 154, '2022-02-13 21:23:59', 1),
(448, '::1', 'luthfibintang8@gmail.com', 126, '2022-02-13 23:34:44', 1),
(449, '::1', 'hlovio31@gmail.com', 154, '2022-02-14 04:33:00', 1),
(450, '::1', 'luthfibintang8@gmail.com', 126, '2022-02-14 04:38:03', 1),
(451, '::1', 'luthfibintang8@gmail.com', 126, '2022-02-14 04:57:17', 1),
(452, '::1', 'hlovio31@gmail.com', 154, '2022-02-14 06:27:50', 1),
(453, '::1', 'hlovio31@gmail.com', 154, '2022-02-14 06:27:57', 1),
(454, '::1', 'petugastest@gmail.com', 152, '2022-02-14 06:29:13', 1),
(455, '::1', 'medis@gmail.com', 162, '2022-02-14 06:34:34', 1),
(456, '::1', 'hlovio31@gmail.com', 154, '2022-02-14 07:13:34', 1),
(457, '::1', 'luthfibintang8@gmail.com', 126, '2022-02-14 07:16:10', 1),
(458, '::1', 'medis@gmail.com', 162, '2022-02-14 07:21:44', 1),
(459, '::1', 'luthfibintang8@gmail.com', 126, '2022-02-14 07:22:26', 1),
(460, '::1', 'hlovio31@gmail.com', 154, '2022-02-14 07:38:22', 1),
(461, '::1', 'luthfibintang8@gmail.com', 126, '2022-02-14 07:40:40', 1),
(462, '::1', 'luthfibintang8@gmail.com', 126, '2022-02-15 06:20:48', 1),
(463, '::1', 'hlovio31@gmail.com', 154, '2022-02-15 06:25:27', 1),
(464, '::1', 'hlovio31@gmail.com', 154, '2022-02-15 06:29:38', 1),
(465, '::1', 'hlovio31@gmail.com', 154, '2022-02-15 09:54:52', 1),
(466, '::1', 'luthfibintang8@gmail.com', 126, '2022-02-15 09:55:59', 1),
(467, '::1', 'luthfibintang8@gmail.com', 126, '2022-02-15 09:57:30', 1),
(468, '::1', 'hlovio31@gmail.com', 154, '2022-02-15 10:02:22', 1),
(469, '::1', 'luthfibintang8@gmail.com', 126, '2022-02-15 10:17:33', 1),
(470, '::1', 'luthfibintang8@gmail.com', 126, '2022-02-15 18:41:19', 1),
(471, '::1', 'masyarkat', NULL, '2022-02-15 19:12:50', 0),
(472, '::1', 'hlovio31@gmail.com', 154, '2022-02-15 19:12:58', 1),
(473, '::1', 'luthfibintang8@gmail.com', 126, '2022-02-15 19:13:28', 1),
(474, '::1', 'hlovio31@gmail.com', 154, '2022-02-15 19:53:23', 1),
(475, '::1', 'hlovio31@gmail.com', 154, '2022-02-15 20:51:23', 1),
(476, '::1', 'luthfibintang8@gmail.com', 126, '2022-02-15 21:02:03', 1),
(477, '::1', 'hlovio31@gmail.com', 154, '2022-02-15 21:07:56', 1),
(478, '::1', 'hlovio31@gmail.com', 154, '2022-02-15 21:57:09', 1),
(479, '::1', 'petugastest@gmail.com', 152, '2022-02-15 21:59:27', 1),
(480, '::1', 'medis@gmail.com', 162, '2022-02-15 22:00:18', 1),
(481, '::1', 'luthfibintang8@gmail.com', 126, '2022-02-15 22:02:14', 1),
(482, '::1', 'hlovio31@gmail.com', 154, '2022-02-15 22:07:59', 1),
(483, '::1', 'petugastest@gmail.com', 152, '2022-02-15 22:15:13', 1),
(484, '::1', 'hlovio31@gmail.com', 154, '2022-02-15 22:15:43', 1),
(485, '::1', 'petugastest@gmail.com', 152, '2022-02-15 22:22:58', 1),
(486, '::1', 'hlovio31@gmail.com', 154, '2022-02-15 22:50:26', 1),
(487, '::1', 'masyarakat2@gmail.com', 155, '2022-02-15 23:35:28', 1),
(488, '::1', 'petugastest@gmail.com', 152, '2022-02-15 23:43:04', 1),
(489, '::1', 'polisi@gmail.com', 163, '2022-02-16 01:26:57', 1),
(490, '::1', 'masyarakat2@gmail.com', 155, '2022-02-16 01:29:07', 1),
(491, '::1', 'petugastest@gmail.com', 152, '2022-02-16 01:29:59', 1),
(492, '::1', 'masyarakat3@gmail.com', 167, '2022-02-16 01:31:28', 1),
(493, '::1', 'petugastest@gmail.com', 152, '2022-02-16 01:32:19', 1),
(494, '::1', 'polisi@gmail.com', 163, '2022-02-16 01:33:17', 1),
(495, '::1', 'medis@gmail.com', 162, '2022-02-16 02:08:08', 1),
(496, '::1', 'polisi@gmail.com', 163, '2022-02-16 02:13:28', 1),
(497, '::1', 'medis@gmail.com', 162, '2022-02-16 02:13:54', 1),
(498, '::1', 'luthfibintang8@gmail.com', 126, '2022-02-16 02:27:52', 1),
(499, '::1', 'medis@gmail.com', 162, '2022-02-16 02:30:06', 1),
(500, '::1', 'luthfibintang8@gmail.com', 126, '2022-02-16 02:36:02', 1),
(501, '::1', 'medis@gmail.com', 162, '2022-02-16 03:42:26', 1),
(502, '::1', 'hlovio31@gmail.com', 154, '2022-02-16 03:43:01', 1),
(503, '::1', 'luthfibintang8@gmail.com', 126, '2022-02-16 04:03:13', 1),
(504, '::1', 'hlovio31@gmail.com', 154, '2022-02-16 04:06:14', 1),
(505, '::1', 'petugastest@gmail.com', 152, '2022-02-16 04:47:34', 1),
(506, '::1', 'medis@gmail.com', 162, '2022-02-16 04:48:23', 1),
(507, '::1', 'polisi@gmail.com', 163, '2022-02-16 07:23:06', 1),
(508, '::1', 'hlovio31@gmail.com', 154, '2022-02-16 07:24:07', 1),
(509, '::1', 'polisi@gmail.com', 163, '2022-02-16 07:24:43', 1),
(510, '::1', 'medis@gmail.com', 162, '2022-02-16 07:25:06', 1),
(511, '::1', 'hlovio31@gmail.com', 154, '2022-02-16 07:25:59', 1),
(512, '::1', 'petugastest@gmail.com', 152, '2022-02-16 07:27:17', 1),
(513, '::1', 'polisi@gmail.com', 163, '2022-02-16 07:28:05', 1),
(514, '::1', 'polisi@gmail.com', 163, '2022-02-16 10:10:44', 1),
(515, '::1', 'medis@gmail.com', 162, '2022-02-16 10:11:01', 1),
(516, '::1', 'polisi@gmail.com', 163, '2022-02-16 10:15:39', 1),
(517, '::1', 'medis@gmail.com', 162, '2022-02-16 10:16:06', 1),
(518, '::1', 'polisi@gmail.com', 163, '2022-02-16 10:16:45', 1),
(519, '::1', 'medis@gmail.com', 162, '2022-02-16 10:19:43', 1),
(520, '::1', 'hlovio31@gmail.com', 154, '2022-02-16 10:20:13', 1),
(521, '::1', 'petugastest@gmail.com', 152, '2022-02-16 10:27:24', 1),
(522, '::1', 'hlovio31@gmail.com', 154, '2022-02-16 10:28:12', 1),
(523, '::1', 'petugastest@gmail.com', 152, '2022-02-16 10:29:01', 1),
(524, '::1', 'masyarakat2@gmail.com', 155, '2022-02-16 10:36:24', 1),
(525, '::1', 'masyarakat3@gmail.com', 167, '2022-02-16 10:37:56', 1),
(526, '::1', 'petugastest@gmail.com', 152, '2022-02-16 10:39:35', 1),
(527, '::1', 'hlovio31@gmail.com', 154, '2022-02-16 10:41:30', 1),
(528, '::1', 'petugastest@gmail.com', 152, '2022-02-16 10:42:06', 1),
(529, '::1', 'medis@gmail.com', 162, '2022-02-16 10:44:43', 1),
(530, '::1', 'polisi@gmail.com', 163, '2022-02-16 10:45:54', 1),
(531, '::1', 'medis@gmail.com', 162, '2022-02-16 10:53:11', 1),
(532, '::1', 'polisi@gmail.com', 163, '2022-02-16 10:55:26', 1),
(533, '::1', 'medis@gmail.com', 162, '2022-02-16 10:56:03', 1),
(534, '::1', 'hlovio31@gmail.com', 154, '2022-02-16 11:03:29', 1),
(535, '::1', 'medis@gmail.com', 162, '2022-02-16 11:04:41', 1),
(536, '::1', 'medis@gmail.com', 162, '2022-02-16 11:05:23', 1),
(537, '::1', 'petugastest@gmail.com', 152, '2022-02-16 11:05:39', 1),
(538, '::1', 'medis@gmail.com', 162, '2022-02-16 11:08:35', 1),
(539, '::1', 'polisi@gmail.com', 163, '2022-02-16 11:27:57', 1),
(540, '::1', 'medis@gmail.com', 162, '2022-02-16 11:28:38', 1),
(541, '::1', 'polisi@gmail.com', 163, '2022-02-16 11:33:55', 1),
(542, '::1', 'medis@gmail.com', 162, '2022-02-16 12:06:23', 1),
(543, '::1', 'polisi@gmail.com', 163, '2022-02-16 12:08:19', 1),
(544, '::1', 'polisi@gmail.com', 163, '2022-02-16 22:45:32', 1),
(545, '::1', 'medis@gmail.com', 162, '2022-02-16 23:17:27', 1),
(546, '::1', 'hlovio31@gmail.com', 154, '2022-02-16 23:32:08', 1),
(547, '::1', 'luthfibintang8@gmail.com', 126, '2022-02-17 03:53:46', 1),
(548, '::1', 'polisi@gmail.com', 163, '2022-02-17 04:04:25', 1),
(549, '::1', 'petugastest@gmail.com', 152, '2022-02-17 04:04:47', 1),
(550, '::1', 'petugastest@gmail.com', 152, '2022-02-17 04:07:38', 1),
(551, '::1', 'petugastest@gmail.com', 152, '2022-02-17 04:08:45', 1),
(552, '::1', 'polisi@gmail.com', 163, '2022-02-17 04:09:47', 1),
(553, '::1', 'medis@gmail.com', 162, '2022-02-17 04:12:47', 1),
(554, '::1', 'petugastest@gmail.com', 152, '2022-02-17 04:13:21', 1),
(555, '::1', 'masyarakat3@gmail.com', 167, '2022-02-17 05:46:00', 1),
(556, '::1', 'masyarakat2@gmail.com', 155, '2022-02-17 05:47:12', 1),
(557, '::1', 'petugas', NULL, '2022-02-17 05:47:25', 0),
(558, '::1', 'petugastest@gmail.com', 152, '2022-02-17 05:47:34', 1),
(559, '::1', 'masyarakat2@gmail.com', 155, '2022-02-17 05:47:53', 1),
(560, '::1', 'petugas', NULL, '2022-02-17 05:48:34', 0),
(561, '::1', 'petugastest@gmail.com', 152, '2022-02-17 05:48:41', 1),
(562, '::1', 'petugas', NULL, '2022-02-17 05:55:39', 0),
(563, '::1', 'petugastest@gmail.com', 152, '2022-02-17 05:55:46', 1),
(564, '::1', 'hlovio31@gmail.com', 154, '2022-02-17 05:59:29', 1),
(565, '::1', 'polisi@gmail.com', 163, '2022-02-17 06:07:08', 1),
(566, '::1', 'petugas', NULL, '2022-02-17 06:16:02', 0),
(567, '::1', 'petugastest@gmail.com', 152, '2022-02-17 06:16:13', 1),
(568, '::1', 'pengaduan', NULL, '2022-02-17 06:17:06', 0),
(569, '::1', 'polisi@gmail.com', 163, '2022-02-17 06:17:16', 1),
(570, '::1', 'petugas', NULL, '2022-02-17 06:49:47', 0),
(571, '::1', 'petugastest@gmail.com', 152, '2022-02-17 06:50:00', 1),
(572, '::1', 'hlovio31@gmail.com', 154, '2022-02-17 06:50:12', 1),
(573, '::1', 'petugastest@gmail.com', 152, '2022-02-17 06:50:28', 1),
(574, '::1', 'luthfibintang8@gmail.com', 126, '2022-02-17 06:59:40', 1),
(575, '::1', 'petugas', NULL, '2022-02-17 08:30:45', 0),
(576, '::1', 'okta@gmail.com', 172, '2022-02-17 08:30:52', 1),
(577, '::1', 'luthfibintang8@gmail.com', 126, '2022-02-17 08:31:13', 1),
(578, '::1', 'petugassosial@gmail.com', 173, '2022-02-17 08:38:19', 1),
(579, '::1', 'hlovio31@gmail.com', 154, '2022-02-17 08:38:47', 1),
(580, '::1', 'masyarakat2@gmail.com', 155, '2022-02-17 08:40:06', 1),
(581, '::1', 'okta@gmail.com', 172, '2022-02-17 08:40:42', 1),
(582, '::1', 'petugassosial@gmail.com', 173, '2022-02-17 08:41:37', 1),
(583, '::1', 'polisi@gmail.com', 163, '2022-02-17 08:43:18', 1),
(584, '::1', 'hlovio31@gmail.com', 154, '2022-02-17 08:43:36', 1),
(585, '::1', 'petugastest@gmail.com', 152, '2022-02-17 08:47:47', 1),
(586, '::1', 'hlovio31@gmail.com', 154, '2022-02-17 09:11:35', 1),
(587, '::1', 'hlovio31@gmail.com', 154, '2022-02-17 09:12:12', 1),
(588, '::1', 'luthfibintang8@gmail.com', 126, '2022-02-17 09:20:36', 1),
(589, '::1', 'hlovio31@gmail.com', 154, '2022-02-17 10:05:57', 1),
(590, '::1', 'masyarakat2@gmail.com', 155, '2022-02-17 10:15:51', 1),
(591, '::1', 'petugas', NULL, '2022-02-17 10:28:20', 0),
(592, '::1', 'okta@gmail.com', 172, '2022-02-17 10:28:28', 1),
(593, '::1', 'masyarakat3@gmail.com', 167, '2022-02-17 10:31:14', 1),
(594, '::1', 'petugastest@gmail.com', 152, '2022-02-17 10:32:03', 1),
(595, '::1', 'medis@gmail.com', 162, '2022-02-17 11:02:38', 1),
(596, '::1', 'petugas', NULL, '2022-02-17 11:03:02', 0),
(597, '::1', 'petugastest@gmail.com', 152, '2022-02-17 11:03:14', 1),
(598, '::1', 'medis@gmail.com', 162, '2022-02-17 11:04:00', 1),
(599, '::1', 'petugastest@gmail.com', 152, '2022-02-17 11:20:31', 1),
(600, '::1', 'masyarakat3@gmail.com', 167, '2022-02-17 11:48:29', 1),
(601, '::1', 'okta@gmail.com', 172, '2022-02-17 11:49:36', 1),
(602, '::1', 'petugassosial@gmail.com', 173, '2022-02-17 11:51:54', 1),
(603, '::1', 'hlovio31@gmail.com', 154, '2022-02-17 11:52:18', 1),
(604, '::1', 'luthfibintang8@gmail.com', 126, '2022-02-17 11:52:59', 1),
(605, '::1', 'luthfibintang8@gmail.com', 126, '2022-02-17 21:59:54', 1),
(606, '::1', 'luthfibintang8@gmail.com', 126, '2022-02-18 03:03:00', 1),
(607, '::1', 'polisi@gmail.com', 163, '2022-02-18 03:03:54', 1),
(608, '::1', 'luthfibintang8@gmail.com', 126, '2022-02-18 06:22:06', 1),
(609, '::1', 'polisi@gmail.com', 163, '2022-02-18 06:31:30', 1),
(610, '::1', 'verfikasi', NULL, '2022-02-18 06:33:08', 0),
(611, '::1', 'petugastest@gmail.com', 152, '2022-02-18 06:33:16', 1),
(612, '::1', 'polisi@gmail.com', 163, '2022-02-18 08:06:26', 1),
(613, '::1', 'luthfibintang8@gmail.com', 126, '2022-02-18 10:41:14', 1),
(614, '::1', 'hlovio31@gmail.com', 154, '2022-02-18 10:43:25', 1),
(615, '::1', 'petugastest@gmail.com', 152, '2022-02-18 10:44:41', 1),
(616, '::1', 'medis@gmail.com', 162, '2022-02-18 10:46:31', 1),
(617, '::1', 'luthfibintang8@gmail.com', 126, '2022-02-18 10:50:47', 1),
(618, '::1', 'luthfibintang8@gmail.com', 126, '2022-02-18 10:55:07', 1),
(619, '::1', 'bintangmasyarakat@gmail.com', 174, '2022-02-18 11:06:46', 1),
(620, '::1', 'okta@gmail.com', 172, '2022-02-18 11:24:12', 1),
(621, '::1', 'polisi@gmail.com', 163, '2022-02-18 11:29:14', 1),
(622, '::1', 'luthfibintang8@gmail.com', 126, '2022-02-18 11:32:47', 1),
(623, '::1', 'luthfibintang8@gmail.com', 126, '2022-02-18 19:56:57', 1),
(624, '::1', 'petugastest@gmail.com', 152, '2022-02-18 19:57:28', 1),
(625, '::1', 'luthfibintang8@gmail.com', 126, '2022-02-18 20:18:46', 1),
(626, '::1', 'petugas', NULL, '2022-02-18 20:38:38', 0),
(627, '::1', 'okta@gmail.com', 172, '2022-02-18 20:38:45', 1),
(628, '::1', 'petugastest@gmail.com', 152, '2022-02-18 20:45:32', 1),
(629, '::1', 'hlovio31@gmail.com', 154, '2022-02-18 20:46:48', 1),
(630, '::1', 'petugastest@gmail.com', 152, '2022-02-18 20:50:12', 1),
(631, '::1', 'hlovio31@gmail.com', 154, '2022-02-18 20:58:45', 1),
(632, '::1', 'medis@gmail.com', 162, '2022-02-18 21:22:18', 1),
(633, '::1', 'hlovio31@gmail.com', 154, '2022-02-18 21:22:58', 1),
(634, '::1', 'masyarakat2@gmail.com', 155, '2022-02-18 21:23:19', 1),
(635, '::1', 'sosial', NULL, '2022-02-18 22:15:12', 0),
(636, '::1', 'petugassosial@gmail.com', 173, '2022-02-18 22:15:19', 1),
(637, '::1', 'luthfibintang8@gmail.com', 126, '2022-02-18 22:16:15', 1),
(638, '::1', 'masyarakat3@gmail.com', 167, '2022-02-18 22:16:31', 1),
(639, '::1', 'admin', NULL, '2022-02-18 22:54:33', 0),
(640, '::1', 'razzantest@gmail.com', 175, '2022-02-18 22:57:27', 1),
(641, '::1', 'test123123@gmail.com', 176, '2022-02-19 00:19:46', 1),
(642, '::1', 'petugastest@gmail.com', 152, '2022-02-19 00:21:20', 1),
(643, '::1', 'polisi@gmail.com', 163, '2022-02-19 00:22:37', 1),
(644, '::1', 'polisi2@gmail.com', 164, '2022-02-19 00:23:31', 1),
(645, '::1', 'polisi@gmail.com', 163, '2022-02-19 00:24:47', 1),
(646, '::1', 'luthfibintang8@gmail.com', 126, '2022-02-19 08:54:47', 1),
(647, '::1', 'hlovio31@gmail.com', 154, '2022-02-19 09:17:16', 1),
(648, '::1', 'petugastest@gmail.com', 152, '2022-02-19 09:18:30', 1),
(649, '::1', 'polisi@gmail.com', 163, '2022-02-19 09:19:03', 1),
(650, '::1', 'luthfibintang8@gmail.com', 126, '2022-02-19 09:33:24', 1),
(651, '::1', 'polisi@gmail.com', 163, '2022-02-19 09:42:45', 1),
(652, '::1', 'luthfibintang8@gmail.com', 126, '2022-02-21 18:35:20', 1),
(653, '::1', 'hlovio31@gmail.com', 154, '2022-02-22 00:00:38', 1),
(654, '::1', 'okta@gmail.com', 172, '2022-02-22 00:44:24', 1),
(655, '::1', 'polisi@gmail.com', 163, '2022-02-22 01:16:36', 1),
(656, '::1', 'medis@gmail.com', 162, '2022-02-22 01:16:51', 1),
(657, '::1', 'okta@gmail.com', 172, '2022-02-22 01:49:26', 1),
(658, '::1', 'polisi@gmail.com', 163, '2022-02-22 02:09:22', 1),
(659, '::1', 'okta@gmail.com', 172, '2022-02-22 02:12:27', 1),
(660, '::1', 'polisi@gmail.com', 163, '2022-02-22 03:16:07', 1),
(661, '::1', 'okta@gmail.com', 172, '2022-02-22 03:16:26', 1),
(662, '::1', 'polisi@gmail.com', 163, '2022-02-22 03:51:06', 1),
(663, '::1', 'sosial', NULL, '2022-02-22 03:57:43', 0),
(664, '::1', 'petugassosial@gmail.com', 173, '2022-02-22 03:57:51', 1),
(665, '::1', 'medis@gmail.com', 162, '2022-02-22 04:00:00', 1),
(666, '::1', 'okta@gmail.com', 172, '2022-02-22 04:00:26', 1),
(667, '::1', 'medis@gmail.com', 162, '2022-02-22 04:01:09', 1),
(668, '::1', 'hlovio31@gmail.com', 154, '2022-02-22 04:33:18', 1),
(669, '::1', 'luthfibintang31@gmail.com', 177, '2022-02-22 04:40:25', 1),
(670, '::1', 'petugastest@gmail.com', 152, '2022-02-22 04:41:22', 1),
(671, '::1', 'polisi@gmail.com', 163, '2022-02-22 04:41:55', 1),
(672, '::1', 'medis@gmail.com', 162, '2022-02-22 04:42:58', 1),
(673, '::1', 'hlovio31@gmail.com', 154, '2022-02-23 01:22:29', 1),
(674, '::1', 'polisi@gmail.com', 163, '2022-02-23 01:23:49', 1),
(675, '::1', 'okta@gmail.com', 172, '2022-02-23 01:24:46', 1),
(676, '::1', 'hlovio31@gmail.com', 154, '2022-02-23 01:29:13', 1),
(677, '::1', 'hlovio31@gmail.com', 154, '2022-02-23 02:16:30', 1),
(678, '::1', 'luthfibintang8@gmail.com', 126, '2022-02-23 08:41:04', 1),
(679, '::1', 'hlovio31@gmail.com', 154, '2022-02-24 06:51:25', 1),
(680, '::1', 'okta@gmail.com', 172, '2022-02-24 06:51:44', 1),
(681, '::1', 'hlovio31@gmail.com', 154, '2022-02-24 07:06:49', 1),
(682, '::1', 'polisi@gmail.com', 163, '2022-02-24 07:11:38', 1),
(683, '::1', 'medis@gmail.com', 162, '2022-02-24 07:12:55', 1),
(684, '::1', 'petugastest@gmail.com', 152, '2022-02-24 07:14:42', 1),
(685, '::1', 'medis@gmail.com', 162, '2022-02-24 07:22:29', 1),
(686, '::1', 'okta@gmail.com', 172, '2022-02-24 07:26:47', 1),
(687, '::1', 'hlovio31@gmail.com', 154, '2022-02-24 07:30:20', 1),
(688, '::1', 'petugastest@gmail.com', 152, '2022-02-24 07:36:23', 1),
(689, '::1', 'masyarakat2@gmail.com', 155, '2022-02-24 07:49:54', 1),
(690, '::1', 'petugastest@gmail.com', 152, '2022-02-24 07:50:45', 1),
(691, '::1', 'polisi@gmail.com', 163, '2022-02-24 07:53:21', 1),
(692, '::1', 'sosial', NULL, '2022-02-24 08:26:41', 0),
(693, '::1', 'petugassosial@gmail.com', 173, '2022-02-24 08:26:47', 1),
(694, '::1', 'medis@gmail.com', 162, '2022-02-24 08:27:04', 1),
(695, '::1', 'petugastest@gmail.com', 152, '2022-02-24 08:31:41', 1),
(696, '::1', 'luthfibintang8@gmail.com', 126, '2022-02-24 08:50:01', 1),
(697, '::1', 'polisi@gmail.com', 163, '2022-02-24 08:54:21', 1),
(698, '::1', 'hlovio31@gmail.com', 154, '2022-02-24 08:54:35', 1),
(699, '::1', 'polisi@gmail.com', 163, '2022-02-24 09:52:34', 1),
(700, '::1', 'masyarakat2@gmail.com', 155, '2022-02-24 09:58:07', 1),
(701, '::1', 'luthfibintang8@gmail.com', 126, '2022-02-24 10:40:36', 1),
(702, '::1', 'sosial@gmail.com', 178, '2022-02-24 10:48:26', 1),
(703, '::1', 'hlovio31@gmail.com', 154, '2022-02-24 10:57:23', 1),
(704, '::1', 'msayarakat3', NULL, '2022-02-24 22:37:33', 0),
(705, '::1', 'msayarakat', NULL, '2022-02-24 22:37:39', 0),
(706, '::1', 'hlovio31@gmail.com', 154, '2022-02-24 22:37:46', 1),
(707, '::1', 'polisi@gmail.com', 163, '2022-02-24 22:40:25', 1),
(708, '::1', 'hlovio31@gmail.com', 154, '2022-02-25 01:35:15', 1),
(709, '::1', 'medis@gmail.com', 162, '2022-02-25 01:37:01', 1),
(710, '::1', 'hlovio31@gmail.com', 154, '2022-02-25 01:58:48', 1),
(711, '::1', 'petugastest@gmail.com', 152, '2022-02-25 02:34:01', 1),
(712, '::1', 'polisi@gmail.com', 163, '2022-02-25 02:34:39', 1),
(713, '::1', 'petugastest@gmail.com', 152, '2022-02-25 02:36:54', 1),
(714, '::1', 'hlovio31@gmail.com', 154, '2022-02-25 02:37:21', 1),
(715, '::1', 'petugastest@gmail.com', 152, '2022-02-25 02:38:37', 1),
(716, '::1', 'masyarakat3@gmail.com', 167, '2022-02-25 02:50:54', 1),
(717, '::1', 'petugastest@gmail.com', 152, '2022-02-25 02:51:41', 1),
(718, '::1', 'luthfibintang8@gmail.com', 126, '2022-02-25 02:54:19', 1),
(719, '::1', 'hlovio31@gmail.com', 154, '2022-02-25 03:00:02', 1),
(720, '::1', 'luthfibintang8@gmail.com', 126, '2022-02-25 23:30:34', 1),
(721, '::1', 'hlovio31@gmail.com', 154, '2022-02-25 23:33:18', 1),
(722, '::1', 'petugastest@gmail.com', 152, '2022-02-25 23:34:00', 1),
(723, '::1', 'politik@gmail.com', 180, '2022-02-25 23:34:22', 1),
(724, '::1', 'hlovio31@gmail.com', 154, '2022-02-26 00:59:18', 1),
(725, '::1', 'okta@gmail.com', 172, '2022-02-26 01:03:24', 1),
(726, '::1', 'polisi@gmail.com', 163, '2022-02-26 01:05:14', 1),
(727, '::1', 'luthfibintang8@gmail.com', 126, '2022-02-26 01:20:11', 1),
(728, '::1', 'shaquille.putra25@gmail.com', 181, '2022-02-26 03:36:25', 1),
(729, '::1', 'admin', NULL, '2022-02-26 03:39:28', 0),
(730, '::1', 'luthfibintang8@gmail.com', 126, '2022-02-26 03:39:39', 1),
(731, '::1', 'luthfibintang8@gmail.com', 126, '2022-02-26 22:34:56', 1),
(732, '::1', 'hapuskah@gmail.com', 182, '2022-02-26 23:48:20', 1),
(733, '::1', 'hlovio31@gmail.com', 154, '2022-02-26 23:48:34', 1),
(734, '::1', 'hapuskah@gmail.com', 182, '2022-02-26 23:49:17', 1),
(735, '::1', 'okta@gmail.com', 172, '2022-02-26 23:49:32', 1),
(736, '::1', 'hapuskah@gmail.com', 182, '2022-02-26 23:50:01', 1),
(737, '::1', 'luthfibintang8@gmail.com', 126, '2022-02-26 23:50:21', 1),
(738, '::1', 'petugastest@gmail.com', 152, '2022-02-26 23:53:59', 1),
(739, '::1', 'luthfibintang8@gmail.com', 126, '2022-02-27 00:11:08', 1),
(740, '::1', 'hlovio31@gmail.com', 154, '2022-02-27 00:12:10', 1),
(741, '::1', 'okta@gmail.com', 172, '2022-02-27 00:12:39', 1),
(742, '::1', 'pendidikan@gmail.com', 183, '2022-02-27 00:12:58', 1),
(743, '::1', 'medis@gmail.com', 162, '2022-02-27 00:13:17', 1),
(744, '::1', 'luthfibintang8@gmail.com', 126, '2022-02-27 00:13:37', 1),
(745, '::1', 'luthfibintang8@gmail.com', 126, '2022-02-27 00:14:18', 1),
(746, '::1', 'masyarakat2@gmail.com', 155, '2022-02-27 00:14:58', 1),
(747, '::1', 'okta@gmail.com', 172, '2022-02-27 00:15:26', 1),
(748, '::1', 'akdsadaldj@gmail.com', 184, '2022-02-27 00:15:44', 1),
(749, '::1', 'pendidikan@gmail.com', 183, '2022-02-27 00:15:59', 1),
(750, '::1', 'luthfibintang8@gmail.com', 126, '2022-02-27 00:16:11', 1),
(751, '::1', 'polisi@gmail.com', 163, '2022-02-27 00:23:44', 1),
(752, '::1', 'luthfibintang8@gmail.com', 126, '2022-02-27 00:24:06', 1),
(753, '::1', 'okta@gmail.com', 172, '2022-02-27 00:33:18', 1),
(754, '::1', 'hlovio31@gmail.com', 154, '2022-02-27 00:38:33', 1),
(755, '::1', 'okta@gmail.com', 172, '2022-02-27 00:39:49', 1),
(756, '::1', 'medis@gmail.com', 162, '2022-02-27 00:40:21', 1),
(757, '::1', 'luthfibintang8@gmail.com', 126, '2022-02-27 00:42:51', 1),
(758, '::1', 'hlovio31@gmail.com', 154, '2022-03-02 04:40:16', 1);

-- --------------------------------------------------------

--
-- Table structure for table `auth_permissions`
--

CREATE TABLE `auth_permissions` (
  `id` int(11) UNSIGNED NOT NULL,
  `name` varchar(255) NOT NULL,
  `description` varchar(255) NOT NULL
) ENGINE=InnoDB DEFAULT CHARSET=utf8;

--
-- Dumping data for table `auth_permissions`
--

INSERT INTO `auth_permissions` (`id`, `name`, `description`) VALUES
(1, 'kategorial', 'Untuk petugas kategorial');

-- --------------------------------------------------------

--
-- Table structure for table `auth_reset_attempts`
--

CREATE TABLE `auth_reset_attempts` (
  `id` int(11) UNSIGNED NOT NULL,
  `email` varchar(255) NOT NULL,
  `ip_address` varchar(255) NOT NULL,
  `user_agent` varchar(255) NOT NULL,
  `token` varchar(255) DEFAULT NULL,
  `created_at` datetime NOT NULL
) ENGINE=InnoDB DEFAULT CHARSET=utf8;

--
-- Dumping data for table `auth_reset_attempts`
--

INSERT INTO `auth_reset_attempts` (`id`, `email`, `ip_address`, `user_agent`, `token`, `created_at`) VALUES
(1, 'luthfibintang8@gmail.com', '::1', 'Mozilla/5.0 (Windows NT 10.0; Win64; x64) AppleWebKit/537.36 (KHTML, like Gecko) Chrome/97.0.4692.71 Safari/537.36', 'a670bc6f824b0bb8c35f857ceca00f2f', '2022-01-20 08:08:11'),
(2, 'luthfibintang8@gmail.com', '::1', 'Mozilla/5.0 (Windows NT 10.0; Win64; x64) AppleWebKit/537.36 (KHTML, like Gecko) Chrome/97.0.4692.71 Safari/537.36', 'a670bc6f824b0bb8c35f857ceca00f2f', '2022-01-20 08:08:54'),
(3, 'apapunitu@gmail.com', '::1', 'Mozilla/5.0 (Windows NT 10.0; Win64; x64) AppleWebKit/537.36 (KHTML, like Gecko) Chrome/97.0.4692.71 Safari/537.36', '2513304fa72033ebcbecbe9f8c7f92e9', '2022-01-20 08:20:55'),
(4, 'luthfibintang8@gmail.com', '::1', 'Mozilla/5.0 (Windows NT 10.0; Win64; x64) AppleWebKit/537.36 (KHTML, like Gecko) Chrome/97.0.4692.71 Safari/537.36', '2513304fa72033ebcbecbe9f8c7f92e9', '2022-01-20 08:21:34'),
(5, 'luthfibintang8@gmail.com', '::1', 'Mozilla/5.0 (Windows NT 10.0; Win64; x64) AppleWebKit/537.36 (KHTML, like Gecko) Chrome/97.0.4692.71 Safari/537.36', '8842dbfeb3c4132644fbb20d9eeb756d', '2022-01-20 08:29:04'),
(6, 'luthfibintang8@gmail.com', '::1', 'Mozilla/5.0 (Windows NT 10.0; Win64; x64) AppleWebKit/537.36 (KHTML, like Gecko) Chrome/97.0.4692.99 Safari/537.36', '5a77e343af49055270659756cf0f9cab', '2022-01-21 01:16:56'),
(7, 'luthfibintang8@gmail.com', '::1', 'Mozilla/5.0 (Windows NT 10.0; Win64; x64) AppleWebKit/537.36 (KHTML, like Gecko) Chrome/97.0.4692.99 Safari/537.36', '5a77e343af49055270659756cf0f9cab', '2022-01-21 01:17:29'),
(8, 'luthfibintang8@gmail.com', '::1', 'Mozilla/5.0 (Windows NT 10.0; Win64; x64) AppleWebKit/537.36 (KHTML, like Gecko) Chrome/97.0.4692.99 Safari/537.36', '7cbb48a0c4806acfe849975974ff3835', '2022-01-21 01:19:26'),
(9, 'luthfibintang8@gmail.com', '::1', 'Mozilla/5.0 (Windows NT 10.0; Win64; x64) AppleWebKit/537.36 (KHTML, like Gecko) Chrome/97.0.4692.99 Safari/537.36', '7cbb48a0c4806acfe849975974ff3835', '2022-01-21 01:19:39'),
(10, 'luthfibintang8@gmail.com', '::1', 'Mozilla/5.0 (Windows NT 10.0; Win64; x64) AppleWebKit/537.36 (KHTML, like Gecko) Chrome/97.0.4692.99 Safari/537.36', '7cbb48a0c4806acfe849975974ff3835', '2022-01-21 01:19:50'),
(11, 'hlovio31@gmail.com', '::1', 'Mozilla/5.0 (Windows NT 10.0; Win64; x64) AppleWebKit/537.36 (KHTML, like Gecko) Chrome/97.0.4692.99 Safari/537.36', '1d9617bf839e350b257acde135b95e24', '2022-01-21 01:47:22'),
(12, 'luthfibintang8@gmail.com', '::1', 'Mozilla/5.0 (Windows NT 10.0; Win64; x64) AppleWebKit/537.36 (KHTML, like Gecko) Chrome/97.0.4692.99 Safari/537.36', 'b8390abdf243f985d1a5cb12e877fd16', '2022-01-21 02:59:54'),
(13, 'luthfibintang8@gmail.com', '::1', 'Mozilla/5.0 (Windows NT 10.0; Win64; x64) AppleWebKit/537.36 (KHTML, like Gecko) Chrome/97.0.4692.99 Safari/537.36', 'b9c2fac30cdd60069052c79f227d0155', '2022-01-21 03:14:52'),
(14, 'luthfibintang8@gmail.com', '::1', 'Mozilla/5.0 (Windows NT 10.0; Win64; x64) AppleWebKit/537.36 (KHTML, like Gecko) Chrome/97.0.4692.99 Safari/537.36', '6868328f535e7bb18778a722abf7d595', '2022-01-22 08:23:47'),
(15, '', '::1', 'Mozilla/5.0 (Windows NT 10.0; Win64; x64) AppleWebKit/537.36 (KHTML, like Gecko) Chrome/97.0.4692.99 Safari/537.36', '', '2022-01-22 23:05:08'),
(16, 'asda@gmail.com', '::1', 'Mozilla/5.0 (Windows NT 10.0; Win64; x64) AppleWebKit/537.36 (KHTML, like Gecko) Chrome/97.0.4692.99 Safari/537.36', 'asdad', '2022-01-22 23:05:28'),
(17, 'luthfibintang8@gmail.com', '::1', 'Mozilla/5.0 (Windows NT 10.0; Win64; x64) AppleWebKit/537.36 (KHTML, like Gecko) Chrome/97.0.4692.99 Safari/537.36', 'asda', '2022-01-22 23:05:46'),
(18, 'luthfibintang8@gmail.com', '::1', 'Mozilla/5.0 (Windows NT 10.0; Win64; x64) AppleWebKit/537.36 (KHTML, like Gecko) Chrome/97.0.4692.99 Safari/537.36', '64364591570e217d2b65838419899331', '2022-01-22 23:06:19'),
(19, 'hlovio31@gmail.com', '::1', 'Mozilla/5.0 (Windows NT 10.0; Win64; x64) AppleWebKit/537.36 (KHTML, like Gecko) Chrome/97.0.4692.99 Safari/537.36', 'df25f0b7b52322ae6fa19c7cdd860a62', '2022-01-23 01:32:24'),
(20, 'hlovio31@gmail.com', '::1', 'Mozilla/5.0 (Windows NT 10.0; Win64; x64) AppleWebKit/537.36 (KHTML, like Gecko) Chrome/97.0.4692.99 Safari/537.36', 'fd11782fc06d83058eb8b000dade691c', '2022-01-26 05:26:11'),
(21, 'hlovio31@gmail.com', '::1', 'Mozilla/5.0 (Windows NT 10.0; Win64; x64) AppleWebKit/537.36 (KHTML, like Gecko) Chrome/97.0.4692.99 Safari/537.36', 'bbdeba5a9a8842d08f37695858b75c52', '2022-01-26 05:27:28'),
(22, 'hlovio31@gmail.com', '::1', 'Mozilla/5.0 (Windows NT 10.0; Win64; x64) AppleWebKit/537.36 (KHTML, like Gecko) Chrome/97.0.4692.99 Safari/537.36', 'a4247ed594f2d82c18e45e77efe84196', '2022-01-26 05:30:03'),
(23, 'hlovio31@gmail.com', '::1', 'Mozilla/5.0 (Windows NT 10.0; Win64; x64) AppleWebKit/537.36 (KHTML, like Gecko) Chrome/97.0.4692.99 Safari/537.36', 'c9ebf611cc144eeaf57745cb1091bc02', '2022-01-26 05:30:47'),
(24, 'hlovio31@gmail.com', '::1', 'Mozilla/5.0 (Windows NT 10.0; Win64; x64) AppleWebKit/537.36 (KHTML, like Gecko) Chrome/97.0.4692.99 Safari/537.36', 'ba80e155237c5dc32ec5f9503dee3980', '2022-01-26 05:32:05'),
(25, 'hlovio31@gmail.com', '::1', 'Mozilla/5.0 (Windows NT 10.0; Win64; x64) AppleWebKit/537.36 (KHTML, like Gecko) Chrome/97.0.4692.99 Safari/537.36', '750d5b318848fcec16901f66c2c5922c', '2022-01-26 05:33:47'),
(26, 'hlovio31@gmail.com', '::1', 'Mozilla/5.0 (Windows NT 10.0; Win64; x64) AppleWebKit/537.36 (KHTML, like Gecko) Chrome/97.0.4692.99 Safari/537.36', 'c1b439fdaf2abd132067ab756f37c907', '2022-01-26 05:39:22'),
(27, 'hlovio31@gmail.com', '::1', 'Mozilla/5.0 (Windows NT 10.0; Win64; x64) AppleWebKit/537.36 (KHTML, like Gecko) Chrome/97.0.4692.99 Safari/537.36', 'ce71e9b25588a1997f66c3761d925791', '2022-01-26 05:43:11'),
(28, 'luthfibintang81@gmail.com', '::1', 'Mozilla/5.0 (Windows NT 10.0; Win64; x64) AppleWebKit/537.36 (KHTML, like Gecko) Chrome/98.0.4758.82 Safari/537.36', '92aaa27325ef08fb51ef27528c0bfa78', '2022-02-10 03:17:34'),
(29, 'luthfibintang8@gmail.com', '::1', 'Mozilla/5.0 (Windows NT 10.0; Win64; x64) AppleWebKit/537.36 (KHTML, like Gecko) Chrome/98.0.4758.82 Safari/537.36', '92aaa27325ef08fb51ef27528c0bfa78', '2022-02-10 03:17:53'),
(30, 'luthfibintang8@gmail.com', '::1', 'Mozilla/5.0 (Windows NT 10.0; Win64; x64) AppleWebKit/537.36 (KHTML, like Gecko) Chrome/98.0.4758.82 Safari/537.36', '36ccd3b3251534fee2df4ffc8cd5bb7f', '2022-02-11 10:23:34'),
(31, '', '::1', 'Mozilla/5.0 (Windows NT 10.0; Win64; x64) AppleWebKit/537.36 (KHTML, like Gecko) Chrome/98.0.4758.82 Safari/537.36', '', '2022-02-12 02:57:46'),
(32, '', '::1', 'Mozilla/5.0 (Windows NT 10.0; Win64; x64) AppleWebKit/537.36 (KHTML, like Gecko) Chrome/98.0.4758.82 Safari/537.36', '', '2022-02-12 03:00:15'),
(33, 'ahda@gmail.com', '::1', 'Mozilla/5.0 (Windows NT 10.0; Win64; x64) AppleWebKit/537.36 (KHTML, like Gecko) Chrome/98.0.4758.82 Safari/537.36', '132131', '2022-02-12 03:00:37'),
(34, 'ahda@gmail.com', '::1', 'Mozilla/5.0 (Windows NT 10.0; Win64; x64) AppleWebKit/537.36 (KHTML, like Gecko) Chrome/98.0.4758.82 Safari/537.36', '132131', '2022-02-12 03:00:52'),
(35, 'luthfibintang8@gmail.com', '::1', 'Mozilla/5.0 (Windows NT 10.0; Win64; x64) AppleWebKit/537.36 (KHTML, like Gecko) Chrome/98.0.4758.82 Safari/537.36', '13213', '2022-02-12 03:02:54'),
(36, 'luthfibintang8@gmail.com', '::1', 'Mozilla/5.0 (Windows NT 10.0; Win64; x64) AppleWebKit/537.36 (KHTML, like Gecko) Chrome/98.0.4758.82 Safari/537.36', '6af1f744be7672d0ba0a1064cb004ae', '2022-02-12 03:04:05'),
(37, 'luthfibintang8@gmail.com', '::1', 'Mozilla/5.0 (Windows NT 10.0; Win64; x64) AppleWebKit/537.36 (KHTML, like Gecko) Chrome/98.0.4758.82 Safari/537.36', '6af1f744be7672d0ba0a1064cb004ae1', '2022-02-12 03:04:30'),
(38, 'luthfibintang8@gmail.com', '::1', 'Mozilla/5.0 (Windows NT 10.0; Win64; x64) AppleWebKit/537.36 (KHTML, like Gecko) Chrome/98.0.4758.82 Safari/537.36', 'f123119209f61fad4d2ee2fab8f5054', '2022-02-12 03:05:37'),
(39, 'luthfibintang8@gmail.com', '::1', 'Mozilla/5.0 (Windows NT 10.0; Win64; x64) AppleWebKit/537.36 (KHTML, like Gecko) Chrome/98.0.4758.82 Safari/537.36', 'f123119209f61fad4d2ee2fab8f5054', '2022-02-12 03:05:52'),
(40, 'luthfibintang8@gmail.com', '::1', 'Mozilla/5.0 (Windows NT 10.0; Win64; x64) AppleWebKit/537.36 (KHTML, like Gecko) Chrome/98.0.4758.82 Safari/537.36', 'f123119209f61fad4d2ee2fab8f5054', '2022-02-12 03:06:56'),
(41, 'luthfibintang8@gmail.com', '::1', 'Mozilla/5.0 (Windows NT 10.0; Win64; x64) AppleWebKit/537.36 (KHTML, like Gecko) Chrome/98.0.4758.82 Safari/537.36', 'f123119209f61fad4d2ee2fab8f50540', '2022-02-12 03:16:17'),
(42, 'luthfibintang8@gmail.com', '::1', 'Mozilla/5.0 (Windows NT 10.0; Win64; x64) AppleWebKit/537.36 (KHTML, like Gecko) Chrome/98.0.4758.82 Safari/537.36', 'f123119209f61fad4d2ee2fab8f5054', '2022-02-12 03:17:16'),
(43, 'luthfibintang8@gmail.com', '::1', 'Mozilla/5.0 (Windows NT 10.0; Win64; x64) AppleWebKit/537.36 (KHTML, like Gecko) Chrome/98.0.4758.82 Safari/537.36', 'f123119209f61fad4d2ee2fab8f5054', '2022-02-12 03:17:40'),
(44, 'luthfibintang8@gmail.com', '::1', 'Mozilla/5.0 (Windows NT 10.0; Win64; x64) AppleWebKit/537.36 (KHTML, like Gecko) Chrome/98.0.4758.82 Safari/537.36', '2f8c2ea738700a0f2ccdcfb1ca499ce3', '2022-02-12 03:18:10'),
(45, 'luthfibintang8@gmail.com', '::1', 'Mozilla/5.0 (Windows NT 10.0; Win64; x64) AppleWebKit/537.36 (KHTML, like Gecko) Chrome/98.0.4758.82 Safari/537.36', '437f6378b10e121b0a395fe6311bd0bf', '2022-02-12 03:20:24'),
(46, 'luthfibintang8@gmail.com', '::1', 'Mozilla/5.0 (Windows NT 10.0; Win64; x64) AppleWebKit/537.36 (KHTML, like Gecko) Chrome/98.0.4758.82 Safari/537.36', '5d797d7f74374b5f72cd404d0bb8674e', '2022-02-12 03:22:18'),
(47, '', '::1', 'Mozilla/5.0 (Windows NT 10.0; Win64; x64) AppleWebKit/537.36 (KHTML, like Gecko) Chrome/98.0.4758.82 Safari/537.36', '', '2022-02-12 03:25:12'),
(48, '', '::1', 'Mozilla/5.0 (Windows NT 10.0; Win64; x64) AppleWebKit/537.36 (KHTML, like Gecko) Chrome/98.0.4758.82 Safari/537.36', '', '2022-02-12 03:27:09'),
(49, '', '::1', 'Mozilla/5.0 (Windows NT 10.0; Win64; x64) AppleWebKit/537.36 (KHTML, like Gecko) Chrome/98.0.4758.82 Safari/537.36', '', '2022-02-12 03:32:10'),
(50, '', '::1', 'Mozilla/5.0 (Windows NT 10.0; Win64; x64) AppleWebKit/537.36 (KHTML, like Gecko) Chrome/98.0.4758.82 Safari/537.36', '', '2022-02-12 03:33:02'),
(51, 'luthfibintang8@gmail.com', '::1', 'Mozilla/5.0 (Windows NT 10.0; Win64; x64) AppleWebKit/537.36 (KHTML, like Gecko) Chrome/98.0.4758.82 Safari/537.36', 'dabd6169f0f18bfcf441fb9322bd7721', '2022-02-12 03:33:39'),
(52, 'luthfibintang8@gmail.com', '::1', 'Mozilla/5.0 (Windows NT 10.0; Win64; x64) AppleWebKit/537.36 (KHTML, like Gecko) Chrome/98.0.4758.82 Safari/537.36', 'dabd6169f0f18bfcf441fb9322bd772', '2022-02-12 03:34:06'),
(53, 'luthfibintang8@gmail.com', '::1', 'Mozilla/5.0 (Windows NT 10.0; Win64; x64) AppleWebKit/537.36 (KHTML, like Gecko) Chrome/98.0.4758.82 Safari/537.36', 'f123119209f61fad4d2ee2fab8', '2022-02-12 03:37:24'),
(54, 'ahdjadal@gmail.com', '::1', 'Mozilla/5.0 (Windows NT 10.0; Win64; x64) AppleWebKit/537.36 (KHTML, like Gecko) Chrome/98.0.4758.82 Safari/537.36', '747bd34bbb11e779a1ecdf14e9233157', '2022-02-12 03:39:31'),
(55, 'luthfibintang8@gmail.com', '::1', 'Mozilla/5.0 (Windows NT 10.0; Win64; x64) AppleWebKit/537.36 (KHTML, like Gecko) Chrome/98.0.4758.82 Safari/537.36', '747bd34bbb11e779a1ecdf14e9233157', '2022-02-12 03:39:52'),
(56, 'luthfibintang8@gmail.com', '::1', 'Mozilla/5.0 (Windows NT 10.0; Win64; x64) AppleWebKit/537.36 (KHTML, like Gecko) Chrome/98.0.4758.82 Safari/537.36', '8a1fb8bf72f9806a72f8449a8098a0c5', '2022-02-14 04:39:04');

-- --------------------------------------------------------

--
-- Table structure for table `auth_tokens`
--

CREATE TABLE `auth_tokens` (
  `id` int(11) UNSIGNED NOT NULL,
  `selector` varchar(255) NOT NULL,
  `hashedValidator` varchar(255) NOT NULL,
  `user_id` int(11) UNSIGNED NOT NULL,
  `expires` datetime NOT NULL
) ENGINE=InnoDB DEFAULT CHARSET=utf8;

-- --------------------------------------------------------

--
-- Table structure for table `auth_users_permissions`
--

CREATE TABLE `auth_users_permissions` (
  `user_id` int(11) UNSIGNED NOT NULL DEFAULT 0,
  `permission_id` int(11) UNSIGNED NOT NULL DEFAULT 0
) ENGINE=InnoDB DEFAULT CHARSET=utf8;

-- --------------------------------------------------------

--
-- Table structure for table `detail_pengaduan`
--

CREATE TABLE `detail_pengaduan` (
  `id_detail` int(11) NOT NULL,
  `id_pengaduan` int(11) NOT NULL,
  `id_kategori` int(11) NOT NULL
) ENGINE=InnoDB DEFAULT CHARSET=utf8mb4;

-- --------------------------------------------------------

--
-- Table structure for table `kategori`
--

CREATE TABLE `kategori` (
  `id_kategori` int(11) NOT NULL,
  `nama_kategori` varchar(50) NOT NULL,
  `description` text DEFAULT NULL
) ENGINE=InnoDB DEFAULT CHARSET=utf8mb4;

--
-- Dumping data for table `kategori`
--

INSERT INTO `kategori` (`id_kategori`, `nama_kategori`, `description`) VALUES
(1, 'Kesehatan', 'Desc kesehatan'),
(2, 'Kriminal', 'Desc Kriminal'),
(3, 'Sosial', 'Kategori Sosial'),
(4, 'Politik', 'Kategori Politik'),
(9, 'Kebakaran', 'Kategoridamkar');

-- --------------------------------------------------------

--
-- Table structure for table `kategori_groups`
--

CREATE TABLE `kategori_groups` (
  `id_cat` int(11) NOT NULL,
  `group_id` int(11) UNSIGNED NOT NULL,
  `kategori_id` int(11) NOT NULL
) ENGINE=InnoDB DEFAULT CHARSET=utf8mb4;

--
-- Dumping data for table `kategori_groups`
--

INSERT INTO `kategori_groups` (`id_cat`, `group_id`, `kategori_id`) VALUES
(1, 4, 1),
(2, 5, 2),
(3, 6, 3),
(4, 7, 4),
(9, 17, 9);

-- --------------------------------------------------------

--
-- Table structure for table `migrations`
--

CREATE TABLE `migrations` (
  `id` bigint(20) UNSIGNED NOT NULL,
  `version` varchar(255) NOT NULL,
  `class` varchar(255) NOT NULL,
  `group` varchar(255) NOT NULL,
  `namespace` varchar(255) NOT NULL,
  `time` int(11) NOT NULL,
  `batch` int(11) UNSIGNED NOT NULL
) ENGINE=InnoDB DEFAULT CHARSET=utf8;

--
-- Dumping data for table `migrations`
--

INSERT INTO `migrations` (`id`, `version`, `class`, `group`, `namespace`, `time`, `batch`) VALUES
(1, '2017-11-20-223112', 'Myth\\Auth\\Database\\Migrations\\CreateAuthTables', 'default', 'Myth\\Auth', 1641816922, 1);

-- --------------------------------------------------------

--
-- Table structure for table `pengaduan`
--

CREATE TABLE `pengaduan` (
  `id_pengaduan` int(16) NOT NULL,
  `userid` int(11) UNSIGNED NOT NULL,
  `nik_masyarakat` int(11) NOT NULL,
  `tgl_pengaduan` date NOT NULL,
  `judul` varchar(50) NOT NULL,
  `isi_laporan` text NOT NULL,
  `foto` varchar(255) NOT NULL DEFAULT 'download.jpg',
  `id_kategori` int(11) NOT NULL,
  `level` enum('biasa','urgent','','') DEFAULT 'biasa',
  `status` enum('0','verifikasi','proses','selesai','tolak') DEFAULT NULL
) ENGINE=InnoDB DEFAULT CHARSET=utf8mb4;

--
-- Dumping data for table `pengaduan`
--

INSERT INTO `pengaduan` (`id_pengaduan`, `userid`, `nik_masyarakat`, `tgl_pengaduan`, `judul`, `isi_laporan`, `foto`, `id_kategori`, `level`, `status`) VALUES
(62, 154, 19133071, '2022-02-16', 'adssadsada', 'sadaadadd', 'download.jpg', 1, 'biasa', 'selesai'),
(63, 154, 19133071, '2022-02-16', 'Pencurian', 'Adssa ddaspkadjasdadj alorem ipsum dolor amet ', 'download.jpg', 2, 'biasa', 'selesai'),
(64, 155, 191331013, '2022-02-16', 'Leher Patah', 'Lorem Ipsum dolor sit amet', 'download.jpg', 1, 'biasa', 'selesai'),
(65, 155, 191331013, '2022-02-16', 'Perampokan', 'Perampokan lorem ipsum dolor sit amet', 'download.jpg', 2, 'biasa', 'selesai'),
(66, 167, 191319312, '2022-02-16', 'Perampokan Mobil', 'Tapi boong, saya tidak punya mobil', 'download.jpg', 2, 'biasa', 'selesai'),
(67, 154, 19133071, '2022-02-16', 'Teroris', 'aksdasajaldadjada', 'download.jpg', 2, 'biasa', 'selesai'),
(68, 154, 19133071, '2022-02-16', 'kesakitan', 'blablablablablabla', 'download.jpg', 1, 'biasa', 'selesai'),
(69, 167, 191319312, '2022-02-17', 'pengaduan test', 'jasddsadsalkdsadmda', 'download.jpg', 2, 'biasa', 'selesai'),
(70, 167, 191319312, '2022-02-17', 'adnsanad', 'sadnaddkajdnadakd', 'download.jpg', 2, 'biasa', 'tolak'),
(71, 167, 191319312, '2022-02-17', 'adsadadaddadadd', 'dasdadad', 'download.jpg', 2, 'biasa', 'tolak'),
(72, 155, 191331013, '2022-02-17', 'adsad', 'adsaadadadada', 'download.jpg', 1, 'biasa', 'tolak'),
(73, 154, 19133071, '2022-02-17', 'testordering', 'ajksadlsadsjkadj', 'download.jpg', 1, 'biasa', 'tolak'),
(74, 154, 19133071, '2022-02-17', 'Pembuangan sampah sembarangan', 'adsadada dadadadjadada dadadadmna,d adadad and,adda', '1645108786_9d5f43ea1d5e7c5b51e7.png', 3, 'biasa', 'selesai'),
(75, 155, 191331013, '2022-02-17', 'masalah sosial', 'ajdsandad ajdsa danajda', 'download.jpg', 3, 'biasa', 'selesai'),
(77, 154, 19133071, '2022-02-17', 'Terjepit', 'lorem ipsum dolor sit amet', 'download.jpg', 1, 'urgent', 'selesai'),
(80, 155, 191331013, '2022-02-17', 'jalan Berlubang', 'andjslaasakdjad djakd', 'download.jpg', 3, 'urgent', 'selesai'),
(81, 167, 191319312, '2022-02-17', 'Pemerasan', 'ALKDadlLKASD', 'download.jpg', 1, 'biasa', 'selesai'),
(82, 167, 191319312, '2022-02-17', 'random', 'adslnadajdadsad', 'download.jpg', 2, 'urgent', 'proses'),
(83, 174, 19133070, '2022-02-18', 'Bullying', 'lorem ipsum dolor sit amet', 'download.jpg', 2, 'urgent', 'selesai'),
(84, 154, 19133071, '2022-02-18', 'Perampokan', 'adaidashjdoasdajsd', '1645238966_b91b72a61488d602e9d4.jpg', 1, 'urgent', 'selesai'),
(85, 154, 19133071, '2022-02-18', 'test', 'test test test test ', '1645240584_989fe50feb92a5ef6162.png', 1, 'biasa', 'selesai'),
(86, 167, 191319312, '2022-02-18', 'sadasdasdads', 'asdasdasdasd', '1645244216_6de77e0da8d1cfed2916.png', 1, 'biasa', 'selesai'),
(87, 176, 1912311, '2022-02-19', 'Pencurian', 'lorem ipsum dolor sit amet', '1645251657_3b0499064f9c5410c9ba.jpg', 2, 'biasa', 'selesai'),
(88, 154, 19133071, '2022-02-19', 'Kriminal test', 'adsaaadadadadada', 'download.jpg', 2, 'biasa', 'selesai'),
(91, 154, 19133071, '2022-02-22', 'aasasaas', 'aaasdasadsadsas', 'download.jpg', 1, 'biasa', 'selesai'),
(92, 154, 19133071, '2022-02-22', 'aasasaas', 'aaasdasadsadsas', 'download.jpg', 2, 'biasa', 'selesai'),
(93, 154, 19133071, '2022-02-22', 'test multiple kategories', 'multiple kategories apakah masuk ke dua kategori atau tidak', '1645512180_b204028904edca4eb5ff.jpg', 2, 'biasa', 'tolak'),
(94, 154, 19133071, '2022-02-22', 'test multiple kategories', 'multiple kategories apakah masuk ke dua kategori atau tidak', '1645512180_b204028904edca4eb5ff.jpg', 3, 'biasa', 'tolak'),
(95, 177, 19133072, '2022-02-22', 'Begal', 'Ada Korban', '1645526467_286eb97c64530ca4c8ce.jpg', 1, 'urgent', 'selesai'),
(96, 177, 19133072, '2022-02-22', 'Begal', 'Ada Korban', '1645526467_286eb97c64530ca4c8ce.jpg', 2, 'urgent', 'selesai'),
(97, 154, 19133071, '2022-02-24', 'Pengebomban', 'ada korban dan butuh pengamanan', 'download.jpg', 1, 'urgent', 'selesai'),
(98, 154, 19133071, '2022-02-24', 'Pengebomban', 'ada korban dan butuh pengamanan', 'download.jpg', 2, 'urgent', 'selesai'),
(100, 155, 191331013, '2022-02-24', 'test urgent', 'test urgent test', 'download.jpg', 1, 'urgent', 'selesai'),
(112, 154, 19133071, '2022-02-24', 'test kategori', 'sadasadsa', 'download.jpg', 1, 'biasa', 'selesai'),
(113, 154, 19133071, '2022-02-24', 'test kategori', 'sadasadsa', 'download.jpg', 2, 'biasa', 'selesai'),
(114, 154, 19133071, '2022-02-25', 'begal', 'koraban salkdlsadjksad', 'download.jpg', 1, 'urgent', 'verifikasi'),
(115, 154, 19133071, '2022-02-25', 'begal', 'koraban salkdlsadjksad', 'download.jpg', 2, 'urgent', 'selesai'),
(116, 167, 191319312, '2022-02-25', 'Test Tanggapan', 'ini adalah test tanggapan', 'download.jpg', 1, 'biasa', '0'),
(117, 167, 191319312, '2022-02-25', 'Test Tanggapan', 'ini adalah test tanggapan', 'download.jpg', 2, 'biasa', 'proses'),
(118, 167, 191319312, '2022-02-25', 'Test Tanggapan', 'ini adalah test tanggapan', 'download.jpg', 3, 'biasa', 'selesai'),
(119, 154, 19133071, '2022-02-25', 'SADSA', 'qwesadaa', 'download.jpg', 4, 'biasa', 'verifikasi'),
(120, 154, 19133071, '2022-02-26', 'adsljasdslajdlj', 'sakhdjsajdsaa', 'download.jpg', 1, 'biasa', 'selesai'),
(121, 154, 19133071, '2022-02-26', 'adsljasdslajdlj', 'sakhdjsajdsaa', 'download.jpg', 2, 'biasa', 'proses'),
(122, 181, 19133094, '2022-02-26', 'Ini Bego', 'wasdiofhsaofh wqahqr 9qwh r9qw9h rqwr pqowhsa jfsajof asjfaos fjqw0rfq', '1645868263_7d82e358ab90e6a0599b.jpg', 4, 'urgent', '0'),
(125, 155, 191331013, '2022-02-27', 'Kebakaaran', 'sadkjsaaasjadljadada', 'download.jpg', 9, 'urgent', 'verifikasi'),
(126, 154, 19133071, '2022-02-27', '5asdladsjadjok', 'a5oiasdjasdjladlsajda', 'download.jpg', 1, 'biasa', 'selesai'),
(127, 154, 19133071, '2022-02-27', '5asdladsjadjok', 'a5oiasdjasdjladlsajda', 'download.jpg', 2, 'biasa', 'verifikasi'),
(128, 154, 19133071, '2022-02-27', '5asdladsjadjok', 'a5oiasdjasdjladlsajda', 'download.jpg', 3, 'biasa', 'verifikasi'),
(129, 154, 19133071, '2022-02-27', '5asdladsjadjok', 'a5oiasdjasdjladlsajda', 'download.jpg', 4, 'biasa', 'verifikasi'),
(130, 154, 19133071, '2022-02-27', '5asdladsjadjok', 'a5oiasdjasdjladlsajda', 'download.jpg', 9, 'biasa', 'verifikasi');

-- --------------------------------------------------------

--
-- Table structure for table `tanggapan`
--

CREATE TABLE `tanggapan` (
  `id_tanggapan` int(11) NOT NULL,
  `id_pengaduan` int(11) NOT NULL,
  `id_petugas` int(11) UNSIGNED NOT NULL,
  `tgl_tanggapan` date NOT NULL,
  `tanggapan` text NOT NULL,
  `foto` varchar(255) NOT NULL
) ENGINE=InnoDB DEFAULT CHARSET=utf8mb4;

--
-- Dumping data for table `tanggapan`
--

INSERT INTO `tanggapan` (`id_tanggapan`, `id_pengaduan`, `id_petugas`, `tgl_tanggapan`, `tanggapan`, `foto`) VALUES
(20, 62, 162, '2022-02-16', 'Ini Sudah Selesai', 'download.jpg'),
(21, 67, 163, '2022-02-16', 'Iy iya iya iya', 'download.jpg'),
(22, 66, 163, '2022-02-16', 'ya sudah', 'download.jpg'),
(23, 74, 173, '2022-02-17', 'Iya sudah saya pukuli yang membuang sampah sembarangan', 'download.jpg'),
(29, 65, 163, '2022-02-18', 'adskaadadad', 'download.jpg'),
(30, 63, 163, '2022-02-18', 'Y SUDAH SAYA TANGGAPI', 'download.jpg'),
(31, 87, 164, '2022-02-19', 'kjsadkajsad', '1645251860_ecf126c24a392ab67261.jpg'),
(32, 69, 163, '2022-02-19', 'sadhsajdsajd', 'download.jpg'),
(33, 77, 162, '2022-02-22', 'Terjepit dan kesakitan', '1645516026_361112dfca394d7143b3.jpg'),
(34, 68, 162, '2022-02-22', 'Terjepit dan kesakitan', '1645516026_361112dfca394d7143b3.jpg'),
(35, 92, 163, '2022-02-22', 'Ini adalah pengaduan yang sama', 'download.jpg'),
(36, 88, 163, '2022-02-22', 'Ini adalah pengaduan yang sama', 'download.jpg'),
(37, 84, 162, '2022-02-22', 'Ini mah bukan ke medis atuh boi', 'download.jpg'),
(38, 81, 162, '2022-02-22', 'Ini mah bukan ke medis atuh boi', 'download.jpg'),
(39, 96, 163, '2022-02-22', 'Sudah ditangkap', 'download.jpg'),
(40, 95, 162, '2022-02-22', 'Korban sudah diobati', 'download.jpg'),
(41, 97, 162, '2022-02-24', 'Ini adalah tanggapan dari pengebomban dan leher patah', 'download.jpg'),
(42, 64, 162, '2022-02-24', 'Ini adalah tanggapan dari pengebomban dan leher patah', 'download.jpg'),
(43, 80, 178, '2022-02-24', 'test swal', 'download.jpg'),
(44, 75, 178, '2022-02-24', 'test swal', 'download.jpg'),
(45, 86, 162, '2022-02-25', 'asdnsaald asd', 'download.jpg'),
(46, 85, 162, '2022-02-25', 'asdnsaald asd', 'download.jpg'),
(47, 100, 152, '2022-02-25', 'assadadasdsasad', 'download.jpg'),
(48, 113, 152, '2022-02-25', 'testTanggapan', '1645778967_068bc38598a6d21f5d43.jpg'),
(49, 112, 152, '2022-02-25', 'test tanggapan', 'download.jpg'),
(50, 118, 152, '2022-02-25', 'INi berahdsalda ', 'download.jpg'),
(51, 115, 163, '2022-02-26', 'ladsjalkdasd', 'download.jpg'),
(52, 98, 163, '2022-02-26', 'ladsjalkdasd', 'download.jpg'),
(53, 83, 163, '2022-02-26', 'ladsjalkdasd', 'download.jpg'),
(54, 126, 162, '2022-02-27', 'adsaljadsakdsald', 'download.jpg'),
(55, 120, 162, '2022-02-27', 'adsaljadsakdsald', 'download.jpg'),
(56, 91, 162, '2022-02-27', 'adsaljadsakdsald', 'download.jpg');

-- --------------------------------------------------------

--
-- Table structure for table `users`
--

CREATE TABLE `users` (
  `id` int(11) UNSIGNED NOT NULL,
  `nik` int(11) DEFAULT NULL,
  `email` varchar(255) NOT NULL,
  `username` varchar(30) DEFAULT NULL,
  `fullname` varchar(255) NOT NULL,
  `telp` varchar(14) NOT NULL,
  `bio` text DEFAULT NULL,
  `user_image` varchar(255) NOT NULL DEFAULT 'default.svg',
  `password_hash` varchar(255) NOT NULL,
  `reset_hash` varchar(255) DEFAULT NULL,
  `reset_at` datetime DEFAULT NULL,
  `reset_expires` datetime DEFAULT NULL,
  `activate_hash` varchar(255) DEFAULT NULL,
  `status` varchar(255) DEFAULT NULL,
  `status_message` varchar(255) DEFAULT NULL,
  `active` tinyint(1) NOT NULL DEFAULT 0,
  `force_pass_reset` tinyint(1) NOT NULL DEFAULT 0,
  `created_at` datetime DEFAULT NULL,
  `updated_at` datetime DEFAULT NULL,
  `deleted_at` datetime DEFAULT NULL
) ENGINE=InnoDB DEFAULT CHARSET=utf8;

--
-- Dumping data for table `users`
--

INSERT INTO `users` (`id`, `nik`, `email`, `username`, `fullname`, `telp`, `bio`, `user_image`, `password_hash`, `reset_hash`, `reset_at`, `reset_expires`, `activate_hash`, `status`, `status_message`, `active`, `force_pass_reset`, `created_at`, `updated_at`, `deleted_at`) VALUES
(126, NULL, 'luthfibintang8@gmail.com', 'admin', 'Admin', '085157500804', 'Helllllloooo guyss', '1642954189_2fe95d0b3a2bd011f334.jpg', '$2y$10$ynAnASNhavfJywhrCaXgoOR2fRpm/VTDWD5Y3r.9UqEtCfHTYwg9u', 'a5daf043807295558226b65764eea661', '2022-02-14 04:39:05', '2022-02-14 06:38:26', NULL, NULL, NULL, 1, 0, '2022-01-22 08:22:40', '2022-02-14 05:38:26', NULL),
(152, NULL, 'petugastest@gmail.com', 'petugasverif', 'Petugas', '0813232222', '', '1643159455_d0a9d1c700ee0159742a.jpg', '$2y$10$c.tbNGycRHyv8JQINpEo4uhPk/Az976A0eapCwSl4rOhie/1tJsKa', NULL, NULL, NULL, NULL, NULL, NULL, 1, 0, NULL, NULL, NULL),
(154, 19133071, 'hlovio31@gmail.com', 'masyarakat', 'Masyarakat', '085157500803', 'Lorem ipsum dolor sit amet, consectetur adipiscing elit. Aliquam id erat sit amet enim tincidunt tristique at ut ante. Nunc auctor euismod lacus, sit amet elementum lectus tincidunt a. Vivamus eget imperdiet dolor. Nam eu blandit tellus. Proin viverra ante a mauris gravida, nec luctus enim semper. Vestibulum finibus dictum euismod.', '1644816596_2e1ca06e36790cfb303a.jpg', '$2y$10$90pmPacJoDX5QwJYa9VBkeTpmr0eoJwMp4W7q/TLdtnljX3uQw956', NULL, '2022-01-26 05:43:11', NULL, NULL, NULL, NULL, 1, 0, NULL, '2022-01-26 05:43:11', NULL),
(155, 191331013, 'masyarakat2@gmail.com', 'masyarakat2', 'Masyarakat 2', '08132131', NULL, '1643004096_df379b9f92ac0ef1c239.jpg', '$2y$10$O1Z7UHnSkvKBKsgGsOmpYur7gpSZceiS2nWYBhGeyBiNM4stJUlPa', NULL, NULL, NULL, NULL, NULL, NULL, 1, 0, NULL, NULL, NULL),
(156, NULL, 'petugas2@gmail.com', 'petugas2', 'Petugas 2', '0813213131', NULL, '1643004058_87accd43139e1aececaa.jpg', '$2y$10$RCq.LglCkyW5rOLW5Nkk3uXjkpg9u1XRLZhc/LFPNAsRbMFEnQTdW', NULL, NULL, NULL, NULL, NULL, NULL, 1, 0, NULL, NULL, NULL),
(162, NULL, 'medis@gmail.com', 'medis', 'medis', '081312331', NULL, 'default.svg', '$2y$10$DTp1Iw5jigfxWcW3YE3bQ.1MNEA0zpdNBXHMHhKYxh/ipSz4DrleS', NULL, NULL, NULL, NULL, NULL, NULL, 1, 0, NULL, NULL, NULL),
(163, NULL, 'polisi@gmail.com', 'polisi', 'Petugas Kepolisian', '081321312', 'Lorem ipsum dolor sit amet blablablabalba sdadasadsad', '1644756236_0d34e50d57930bf4d36b.jpg', '$2y$10$yidtALlWKTf/qLaxLp7iUeROFc7weaxiKV5Fa22nxmINasFn1wat.', NULL, NULL, NULL, NULL, NULL, NULL, 1, 0, NULL, NULL, NULL),
(164, NULL, 'polisi2@gmail.com', 'polisi2', 'polisi2', '082131313', NULL, 'default.svg', '$2y$10$lNuMbOgScQ34k8EitIKH.eOeXFw6mqLtKqO16M6GvN1HOWF6nTba.', NULL, NULL, NULL, NULL, NULL, NULL, 1, 0, NULL, NULL, NULL),
(166, 18113211, 'kasdakdak@gmail.com', 'apaaja', 'asdjkadka', '0813131312', NULL, 'default.svg', '$2y$10$AcQKpk76znt3A8doN9OP/OrWLEui6ISztohFpFZS5.yDPU4NKFxhi', NULL, NULL, NULL, NULL, NULL, NULL, 1, 0, '2022-02-11 10:03:59', '2022-02-11 10:03:59', NULL),
(167, 191319312, 'masyarakat3@gmail.com', 'masyarakat3', 'Masyarakat 3', '081231313', NULL, 'default.svg', '$2y$10$.BmSKVohU3W0a1i8UZzlXO1yPjtpcAtgDClcakSPyG0PDx9uoorG.', NULL, NULL, NULL, NULL, NULL, NULL, 1, 0, '2022-02-12 02:45:53', '2022-02-12 02:45:53', NULL),
(170, NULL, 'medis2@gmail.com', 'medis2', 'Ibu Ubi', '08132313113', NULL, 'default.svg', '$2y$10$/CojpQt9H0ri30ZLLp6QMOV8.j.ZqQ1P9iquwxFE6a664IeH2FOx.', NULL, NULL, NULL, NULL, NULL, NULL, 1, 0, NULL, NULL, NULL),
(171, 19131231, 'adjaljdla@gmail.com', 'test123123', 'Test Pagination', '0812312313', NULL, 'default.svg', '$2y$10$YV.iT/NU.PwzcUStkgkic..wrYKSwDlWrH7huaLfQDFQY7zpDxDF6', NULL, NULL, NULL, NULL, NULL, NULL, 1, 0, NULL, NULL, NULL),
(172, NULL, 'okta@gmail.com', 'okta', 'Okta', '0813123313', 'kalo gua si gini', 'default.svg', '$2y$10$xY9pwGb1qVa9Ybq2Sb1Il.Mc16EDfiULvhNCL4pqvpYS.0ztcEM86', NULL, NULL, NULL, NULL, NULL, NULL, 1, 0, NULL, NULL, NULL),
(173, NULL, 'petugassosial@gmail.com', 'petugassosial', 'petugassosial', '08131231313', NULL, 'default.svg', '$2y$10$ga82h.B0p7p3kpvx6iqbD.EZLxcdPeLpGqhWlKIq1e8WB4RCFMNiK', NULL, NULL, NULL, NULL, NULL, NULL, 1, 0, NULL, NULL, NULL),
(174, 19133070, 'bintangmasyarakat@gmail.com', 'bintang123', 'Azisya Bintang', '0812312312', NULL, 'default.svg', '$2y$10$Iqxe4x.W//O3Z2NR9uGpFOTM9m8OZDfh6i8RPmCbex7bEQrSD9bxK', NULL, NULL, NULL, NULL, NULL, NULL, 1, 0, '2022-02-18 11:06:37', '2022-02-18 11:06:37', NULL),
(175, 123345, 'razzantest@gmail.com', 'indra', 'dd(\'$test\')', '0829194910', '', 'default.svg', '$2y$10$LYqoKUxrd90c71uNuHlCDeVTd4.BP0tmiKkZncB34NcosXWlYecXC', NULL, NULL, NULL, NULL, NULL, NULL, 1, 0, '2022-02-18 22:57:16', '2022-02-18 22:57:16', NULL),
(176, 1912311, 'test123123@gmail.com', 'test1231', 'Azisya Luthfi Bitnang', '081321313', NULL, 'default.svg', '$2y$10$MM1P/rgGe5CldsQubcjkYuuPlmNUHlGilU5QH.hhcY1DLlWW3Imu6', NULL, NULL, NULL, NULL, NULL, NULL, 1, 0, '2022-02-19 00:19:35', '2022-02-19 00:19:35', NULL),
(177, 19133072, 'luthfibintang31@gmail.com', 'bintang', 'Azisya Luthfi Bintang', '085157500802', NULL, 'default.svg', '$2y$10$EOouNWOzrexD3/w/1Fnbue1N8Ix/Vb7jAO1l7a5dEEplethF/gVra', NULL, NULL, NULL, NULL, NULL, NULL, 1, 0, '2022-02-22 04:40:05', '2022-02-22 04:40:05', NULL),
(178, NULL, 'sosial@gmail.com', 'sosial', 'Petugas Sosial', '08132311231', NULL, 'default.svg', '$2y$10$tDWhE6k1vi6q5kIbp6qziuCUvKiJ9S5n0/3Cm.4DDFQdf7BUDTw3y', NULL, NULL, NULL, NULL, NULL, NULL, 1, 0, NULL, NULL, NULL),
(179, 1919191, 'swal@gmail.com', 'swalswal', 'Test swal', '0813213', NULL, 'default.svg', '$2y$10$86q2yC3hSNRI/DNtHvmcJ.wTbGm/qlrLRF/XCxc6relp7MVqt0hRK', NULL, NULL, NULL, NULL, NULL, NULL, 1, 0, NULL, NULL, NULL),
(180, NULL, 'politik@gmail.com', 'politik', 'Petugas Politik', '0813221321313', NULL, 'default.svg', '$2y$10$E001eNFP0N7O5qmHJjtnZuA2g47nYx/AB8/lkMOf8u/8VUzpLyn8u', NULL, NULL, NULL, NULL, NULL, NULL, 1, 0, NULL, NULL, NULL),
(181, 19133094, 'shaquille.putra25@gmail.com', 'ShaqJr', 'Shaquille', '08199840', NULL, 'default.svg', '$2y$10$Nl9PY9CP5EOAW8cdFUnu8..QmhIUZalEyN6C7zWEBwQMTdDVd93Qu', NULL, NULL, NULL, NULL, NULL, NULL, 1, 0, '2022-02-26 03:36:14', '2022-02-26 03:36:14', NULL),
(182, NULL, 'hapuskah@gmail.com', 'hapus', 'testhapus', '08131312312', NULL, 'default.svg', '$2y$10$uMqYhhbqT4s07Ks0ST4zC.pIGGN4akeAdgIvOn/awZYSkis9rUnOi', NULL, NULL, NULL, NULL, NULL, NULL, 1, 0, NULL, NULL, NULL),
(183, NULL, 'pendidikan@gmail.com', 'pendidikan', 'pendidikan', '0812312313', NULL, 'default.svg', '$2y$10$Zr1b5XXAZyNjwo/eVIe9v.xiy3X9959tXkPT134UiMbWpNt0XXAu.', NULL, NULL, NULL, NULL, NULL, NULL, 1, 0, NULL, NULL, NULL),
(184, NULL, 'akdsadaldj@gmail.com', 'damkar', 'Petugas Damkar', '08123131', NULL, 'default.svg', '$2y$10$iEJGjVwqKJaaPN1rXNpYg.jialKh50.HM6e6/fv0UKu4IMwYSKCb6', NULL, NULL, NULL, NULL, NULL, NULL, 1, 0, NULL, NULL, NULL);

--
-- Indexes for dumped tables
--

--
-- Indexes for table `auth_activation_attempts`
--
ALTER TABLE `auth_activation_attempts`
  ADD PRIMARY KEY (`id`);

--
-- Indexes for table `auth_groups`
--
ALTER TABLE `auth_groups`
  ADD PRIMARY KEY (`id`);

--
-- Indexes for table `auth_groups_permissions`
--
ALTER TABLE `auth_groups_permissions`
  ADD KEY `auth_groups_permissions_permission_id_foreign` (`permission_id`),
  ADD KEY `group_id_permission_id` (`group_id`,`permission_id`);

--
-- Indexes for table `auth_groups_users`
--
ALTER TABLE `auth_groups_users`
  ADD KEY `auth_groups_users_user_id_foreign` (`user_id`),
  ADD KEY `group_id_user_id` (`group_id`,`user_id`);

--
-- Indexes for table `auth_logins`
--
ALTER TABLE `auth_logins`
  ADD PRIMARY KEY (`id`),
  ADD KEY `email` (`email`),
  ADD KEY `user_id` (`user_id`);

--
-- Indexes for table `auth_permissions`
--
ALTER TABLE `auth_permissions`
  ADD PRIMARY KEY (`id`);

--
-- Indexes for table `auth_reset_attempts`
--
ALTER TABLE `auth_reset_attempts`
  ADD PRIMARY KEY (`id`);

--
-- Indexes for table `auth_tokens`
--
ALTER TABLE `auth_tokens`
  ADD PRIMARY KEY (`id`),
  ADD KEY `auth_tokens_user_id_foreign` (`user_id`),
  ADD KEY `selector` (`selector`);

--
-- Indexes for table `auth_users_permissions`
--
ALTER TABLE `auth_users_permissions`
  ADD KEY `auth_users_permissions_permission_id_foreign` (`permission_id`),
  ADD KEY `user_id_permission_id` (`user_id`,`permission_id`);

--
-- Indexes for table `detail_pengaduan`
--
ALTER TABLE `detail_pengaduan`
  ADD PRIMARY KEY (`id_detail`),
  ADD KEY `ifbk_pengaduan` (`id_pengaduan`),
  ADD KEY `ifbk_kategori` (`id_kategori`);

--
-- Indexes for table `kategori`
--
ALTER TABLE `kategori`
  ADD PRIMARY KEY (`id_kategori`);

--
-- Indexes for table `kategori_groups`
--
ALTER TABLE `kategori_groups`
  ADD PRIMARY KEY (`id_cat`),
  ADD KEY `role_ibfk` (`group_id`),
  ADD KEY `cat_ibfk` (`kategori_id`);

--
-- Indexes for table `migrations`
--
ALTER TABLE `migrations`
  ADD PRIMARY KEY (`id`);

--
-- Indexes for table `pengaduan`
--
ALTER TABLE `pengaduan`
  ADD PRIMARY KEY (`id_pengaduan`),
  ADD KEY `karyawan_ibfk_1` (`nik_masyarakat`),
  ADD KEY `pengaduan_ibfk_3` (`userid`),
  ADD KEY `ibfk_idkat` (`id_kategori`);

--
-- Indexes for table `tanggapan`
--
ALTER TABLE `tanggapan`
  ADD PRIMARY KEY (`id_tanggapan`),
  ADD UNIQUE KEY `id_pengaduan` (`id_pengaduan`),
  ADD KEY `tanggapan_ibfk_2` (`id_petugas`);

--
-- Indexes for table `users`
--
ALTER TABLE `users`
  ADD PRIMARY KEY (`id`),
  ADD UNIQUE KEY `email` (`email`),
  ADD UNIQUE KEY `username` (`username`),
  ADD UNIQUE KEY `nik_2` (`nik`),
  ADD KEY `nik` (`nik`);

--
-- AUTO_INCREMENT for dumped tables
--

--
-- AUTO_INCREMENT for table `auth_activation_attempts`
--
ALTER TABLE `auth_activation_attempts`
  MODIFY `id` int(11) UNSIGNED NOT NULL AUTO_INCREMENT;

--
-- AUTO_INCREMENT for table `auth_groups`
--
ALTER TABLE `auth_groups`
  MODIFY `id` int(11) UNSIGNED NOT NULL AUTO_INCREMENT, AUTO_INCREMENT=18;

--
-- AUTO_INCREMENT for table `auth_logins`
--
ALTER TABLE `auth_logins`
  MODIFY `id` int(11) UNSIGNED NOT NULL AUTO_INCREMENT, AUTO_INCREMENT=759;

--
-- AUTO_INCREMENT for table `auth_permissions`
--
ALTER TABLE `auth_permissions`
  MODIFY `id` int(11) UNSIGNED NOT NULL AUTO_INCREMENT, AUTO_INCREMENT=7;

--
-- AUTO_INCREMENT for table `auth_reset_attempts`
--
ALTER TABLE `auth_reset_attempts`
  MODIFY `id` int(11) UNSIGNED NOT NULL AUTO_INCREMENT, AUTO_INCREMENT=57;

--
-- AUTO_INCREMENT for table `auth_tokens`
--
ALTER TABLE `auth_tokens`
  MODIFY `id` int(11) UNSIGNED NOT NULL AUTO_INCREMENT;

--
-- AUTO_INCREMENT for table `detail_pengaduan`
--
ALTER TABLE `detail_pengaduan`
  MODIFY `id_detail` int(11) NOT NULL AUTO_INCREMENT;

--
-- AUTO_INCREMENT for table `kategori`
--
ALTER TABLE `kategori`
  MODIFY `id_kategori` int(11) NOT NULL AUTO_INCREMENT, AUTO_INCREMENT=10;

--
-- AUTO_INCREMENT for table `kategori_groups`
--
ALTER TABLE `kategori_groups`
  MODIFY `id_cat` int(11) NOT NULL AUTO_INCREMENT, AUTO_INCREMENT=10;

--
-- AUTO_INCREMENT for table `migrations`
--
ALTER TABLE `migrations`
  MODIFY `id` bigint(20) UNSIGNED NOT NULL AUTO_INCREMENT, AUTO_INCREMENT=2;

--
-- AUTO_INCREMENT for table `pengaduan`
--
ALTER TABLE `pengaduan`
  MODIFY `id_pengaduan` int(16) NOT NULL AUTO_INCREMENT, AUTO_INCREMENT=131;

--
-- AUTO_INCREMENT for table `tanggapan`
--
ALTER TABLE `tanggapan`
  MODIFY `id_tanggapan` int(11) NOT NULL AUTO_INCREMENT, AUTO_INCREMENT=57;

--
-- AUTO_INCREMENT for table `users`
--
ALTER TABLE `users`
  MODIFY `id` int(11) UNSIGNED NOT NULL AUTO_INCREMENT, AUTO_INCREMENT=185;

--
-- Constraints for dumped tables
--

--
-- Constraints for table `auth_groups_permissions`
--
ALTER TABLE `auth_groups_permissions`
  ADD CONSTRAINT `auth_groups_permissions_group_id_foreign` FOREIGN KEY (`group_id`) REFERENCES `auth_groups` (`id`) ON DELETE CASCADE,
  ADD CONSTRAINT `auth_groups_permissions_permission_id_foreign` FOREIGN KEY (`permission_id`) REFERENCES `auth_permissions` (`id`) ON DELETE CASCADE;

--
-- Constraints for table `auth_groups_users`
--
ALTER TABLE `auth_groups_users`
  ADD CONSTRAINT `auth_groups_users_group_id_foreign` FOREIGN KEY (`group_id`) REFERENCES `auth_groups` (`id`) ON DELETE CASCADE,
  ADD CONSTRAINT `auth_groups_users_user_id_foreign` FOREIGN KEY (`user_id`) REFERENCES `users` (`id`) ON DELETE CASCADE;

--
-- Constraints for table `auth_tokens`
--
ALTER TABLE `auth_tokens`
  ADD CONSTRAINT `auth_tokens_user_id_foreign` FOREIGN KEY (`user_id`) REFERENCES `users` (`id`) ON DELETE CASCADE;

--
-- Constraints for table `auth_users_permissions`
--
ALTER TABLE `auth_users_permissions`
  ADD CONSTRAINT `auth_users_permissions_permission_id_foreign` FOREIGN KEY (`permission_id`) REFERENCES `auth_permissions` (`id`) ON DELETE CASCADE,
  ADD CONSTRAINT `auth_users_permissions_user_id_foreign` FOREIGN KEY (`user_id`) REFERENCES `users` (`id`) ON DELETE CASCADE;

--
-- Constraints for table `detail_pengaduan`
--
ALTER TABLE `detail_pengaduan`
  ADD CONSTRAINT `ifbk_kategori` FOREIGN KEY (`id_kategori`) REFERENCES `kategori` (`id_kategori`) ON DELETE CASCADE ON UPDATE CASCADE,
  ADD CONSTRAINT `ifbk_pengaduan` FOREIGN KEY (`id_pengaduan`) REFERENCES `pengaduan` (`id_pengaduan`) ON DELETE CASCADE ON UPDATE CASCADE;

--
-- Constraints for table `kategori_groups`
--
ALTER TABLE `kategori_groups`
  ADD CONSTRAINT `cat_ibfk` FOREIGN KEY (`kategori_id`) REFERENCES `kategori` (`id_kategori`) ON DELETE CASCADE ON UPDATE CASCADE,
  ADD CONSTRAINT `role_ibfk` FOREIGN KEY (`group_id`) REFERENCES `auth_groups` (`id`) ON DELETE CASCADE ON UPDATE CASCADE;

--
-- Constraints for table `pengaduan`
--
ALTER TABLE `pengaduan`
  ADD CONSTRAINT `ibfk_idkat` FOREIGN KEY (`id_kategori`) REFERENCES `kategori` (`id_kategori`) ON DELETE CASCADE ON UPDATE CASCADE,
  ADD CONSTRAINT `karyawan_ibfk_1` FOREIGN KEY (`nik_masyarakat`) REFERENCES `users` (`nik`) ON DELETE CASCADE ON UPDATE CASCADE,
  ADD CONSTRAINT `pengaduan_ibfk_3` FOREIGN KEY (`userid`) REFERENCES `users` (`id`) ON DELETE CASCADE ON UPDATE CASCADE;

--
-- Constraints for table `tanggapan`
--
ALTER TABLE `tanggapan`
  ADD CONSTRAINT `tanggapan_ibfk_1` FOREIGN KEY (`id_pengaduan`) REFERENCES `pengaduan` (`id_pengaduan`) ON DELETE CASCADE ON UPDATE CASCADE,
  ADD CONSTRAINT `tanggapan_ibfk_2` FOREIGN KEY (`id_petugas`) REFERENCES `users` (`id`) ON DELETE CASCADE ON UPDATE CASCADE;
COMMIT;

/*!40101 SET CHARACTER_SET_CLIENT=@OLD_CHARACTER_SET_CLIENT */;
/*!40101 SET CHARACTER_SET_RESULTS=@OLD_CHARACTER_SET_RESULTS */;
/*!40101 SET COLLATION_CONNECTION=@OLD_COLLATION_CONNECTION */;
